,Rank,Player,Age,Team,Games Played,Games Started,Attempts,Yards,Touchdowns, First Downs,Success Percentage,Longest Run,Yards per Attempt,Yards per Game,Attempts per Game,Fumbles,Awards,Year,Position,Cap Hit,Cap%
0,1,Ezekiel Elliott,23,DAL,15.0,15.0,304.0,1434.0,6.0,74.0,49.0,41.0,4.7,95.6,20.3,6.0,"PB,AP-2",2018,RB,6806274,3.68
1,2,Saquon Barkley,21,NYG,16.0,16.0,261.0,1307.0,11.0,50.0,39.8,78.0,5.0,81.7,16.3,0.0,"PB,AP ORoY-1",2018,RB,5671773,3.19
2,3,David Johnson,27,ARI,16.0,16.0,258.0,940.0,7.0,51.0,38.0,53.0,3.6,58.8,16.1,3.0,,2018,RB,5042344,2.82
3,4,Todd Gurley,24,LAR,14.0,14.0,256.0,1251.0,17.0,70.0,55.9,36.0,4.9,89.4,18.3,1.0,"PB,AP-1,AP OPoY-3",2018,RB,7228306,3.98
4,5,Adrian Peterson,33,WAS,16.0,16.0,251.0,1042.0,7.0,47.0,45.8,90.0,4.2,65.1,15.7,3.0,AP CPoY-3,2018,RB,630000,0.35
5,6,Jordan Howard,24,CHI,16.0,15.0,250.0,935.0,9.0,53.0,47.2,42.0,3.7,58.4,15.6,2.0,,2018,RB,692005,0.37
6,8,Joe Mixon,22,CIN,14.0,13.0,237.0,1168.0,8.0,60.0,48.5,51.0,4.9,83.4,16.9,0.0,,2018,RB,1238675,0.66
7,9,Peyton Barber,24,TAM,16.0,16.0,234.0,871.0,5.0,41.0,42.3,28.0,3.7,54.4,14.6,1.0,,2018,RB,630000,0.33
8,10,Christian McCaffrey,22,CAR,16.0,16.0,219.0,1098.0,7.0,53.0,54.3,59.0,5.0,68.6,13.7,4.0,AP-2,2018,RB,3918477,2.16
9,11,James Conner,23,PIT,13.0,12.0,215.0,973.0,12.0,56.0,48.4,30.0,4.5,74.8,16.5,4.0,PB,2018,RB,754572,0.42
10,12,Derrick Henry,24,TEN,16.0,12.0,215.0,1059.0,12.0,50.0,50.2,99.0,4.9,66.2,13.4,1.0,,2018,RB,1474889,0.71
11,13,Lamar Miller,27,HOU,14.0,14.0,210.0,973.0,5.0,36.0,42.4,97.0,4.6,69.5,15.0,1.0,PB,2018,RB,6703125,3.58
12,14,Sony Michel,23,NWE,13.0,8.0,209.0,931.0,6.0,54.0,51.2,34.0,4.5,71.6,16.1,1.0,,2018,RB,1750308,0.97
13,15,Marlon Mack,22,IND,12.0,10.0,195.0,908.0,9.0,50.0,52.8,49.0,4.7,75.7,16.3,2.0,,2018,RB,659912,0.34
14,16,Alvin Kamara,23,NOR,15.0,13.0,194.0,883.0,14.0,57.0,58.2,49.0,4.6,58.9,12.9,1.0,PB,2018,RB,878193,0.49
15,17,Nick Chubb,23,CLE,16.0,9.0,192.0,996.0,8.0,47.0,47.9,92.0,5.2,62.3,12.0,0.0,,2018,RB,1342381,0.57
16,20,Melvin Gordon,25,LAC,12.0,12.0,175.0,885.0,10.0,47.0,51.4,34.0,5.1,73.8,14.6,1.0,PB,2018,RB,3394929,1.89
17,21,Doug Martin,29,OAK,16.0,9.0,172.0,723.0,4.0,37.0,52.3,29.0,4.2,45.2,10.8,3.0,,2018,RB,1475000,0.8
18,22,Carlos Hyde,28,2TM,14.0,7.0,172.0,571.0,5.0,27.0,38.4,22.0,3.3,40.8,12.3,2.0,,2018,RB,1245588,0.61
21,23,Tevin Coleman,25,ATL,16.0,14.0,167.0,800.0,4.0,36.0,42.5,65.0,4.8,50.0,10.4,2.0,,2018,RB,977939,0.55
22,24,LeSean McCoy,30,BUF,14.0,13.0,161.0,514.0,3.0,22.0,36.0,28.0,3.2,36.7,11.5,0.0,,2018,RB,8950000,4.74
23,26,Dion Lewis,28,TEN,16.0,7.0,155.0,517.0,1.0,22.0,32.9,36.0,3.3,32.3,9.7,1.0,,2018,RB,4312500,2.08
24,27,LeGarrette Blount,32,DET,16.0,8.0,154.0,418.0,5.0,25.0,35.1,27.0,2.7,26.1,9.6,2.0,,2018,RB,2000000,1.1
25,29,Alfred Blue,27,HOU,16.0,2.0,150.0,499.0,2.0,25.0,37.3,17.0,3.3,31.2,9.4,0.0,,2018,RB,720000,0.38
26,30,Lamar Jackson,21,BAL,16.0,7.0,147.0,695.0,5.0,45.0,51.0,39.0,4.7,43.4,9.2,12.0,,2018,QB,1722117,0.95
27,32,Latavius Murray,28,MIN,16.0,6.0,140.0,578.0,6.0,23.0,42.1,38.0,4.1,36.1,8.8,0.0,,2018,RB,5200000,2.72
28,33,Mark Ingram,29,NOR,12.0,6.0,138.0,645.0,6.0,34.0,53.6,38.0,4.7,53.8,11.5,3.0,,2018,RB,5303824,2.99
29,34,Gus Edwards,23,BAL,11.0,6.0,137.0,718.0,2.0,37.0,61.3,43.0,5.2,65.3,12.5,0.0,,2018,RB,338824,0.19
30,35,Dalvin Cook,23,MIN,11.0,10.0,133.0,615.0,2.0,22.0,41.4,70.0,4.6,55.9,12.1,2.0,,2018,RB,1443939,0.76
31,36,Leonard Fournette,23,JAX,8.0,8.0,133.0,439.0,5.0,23.0,47.4,25.0,3.3,54.9,16.6,0.0,,2018,RB,6170645,3.01
32,38,Royce Freeman,22,DEN,14.0,8.0,130.0,521.0,5.0,30.0,46.2,24.0,4.0,37.2,9.3,1.0,,2018,RB,729255,0.39
33,39,Jamaal Williams,23,GNB,16.0,8.0,121.0,464.0,3.0,25.0,47.9,20.0,3.8,29.0,7.6,0.0,,2018,RB,696498,0.38
34,40,Josh Adams,22,PHI,14.0,5.0,120.0,511.0,3.0,23.0,46.7,29.0,4.3,36.5,8.6,1.0,,2018,RB,423529,0.24
35,41,Kenyan Drake,24,MIA,16.0,7.0,120.0,535.0,4.0,23.0,45.0,54.0,4.5,33.4,7.5,2.0,,2018,RB,910315,0.51
36,43,Chris Ivory,30,BUF,13.0,1.0,115.0,385.0,1.0,25.0,45.2,21.0,3.3,29.6,8.8,1.0,,2018,RB,2406250,1.27
37,45,Mike Davis,25,SEA,15.0,2.0,112.0,514.0,4.0,25.0,51.8,37.0,4.6,34.3,7.5,0.0,,2018,RB,1337500,0.75
38,46,Alfred Morris,30,SFO,12.0,1.0,111.0,428.0,2.0,24.0,41.4,51.0,3.9,35.7,9.3,2.0,,2018,RB,630000,0.27
39,47,Austin Ekeler,23,LAC,14.0,3.0,106.0,554.0,3.0,25.0,50.0,41.0,5.2,39.6,7.6,1.0,,2018,RB,556666,0.31
40,48,T.J. Yeldon,25,JAX,14.0,5.0,104.0,414.0,1.0,16.0,44.2,20.0,4.0,29.6,7.4,1.0,,2018,RB,1881655,0.92
41,49,Cam Newton,29,CAR,14.0,14.0,101.0,488.0,4.0,36.0,48.5,29.0,4.8,34.9,7.2,6.0,,2018,QB,21500000,11.84
42,50,Tarik Cohen,23,CHI,16.0,7.0,99.0,444.0,3.0,20.0,44.4,32.0,4.5,27.8,6.2,7.0,"PB,AP-1",2018,RB,713914,0.39
43,51,Deshaun Watson,23,HOU,16.0,16.0,99.0,551.0,5.0,33.0,52.5,34.0,5.6,34.4,6.2,9.0,PB,2018,QB,3148700,1.68
44,52,James White,26,NWE,16.0,3.0,94.0,425.0,5.0,22.0,44.7,27.0,4.5,26.6,5.9,0.0,,2018,RB,3000000,1.66
45,53,Elijah McGuire,24,NYJ,8.0,3.0,92.0,276.0,3.0,15.0,35.9,34.0,3.0,34.5,11.5,2.0,,2018,RB,513815,0.26
46,56,Josh Allen,22,BUF,12.0,11.0,89.0,631.0,8.0,41.0,59.6,45.0,7.1,52.6,7.4,8.0,,2018,QB,3851461,2.04
47,57,Wendell Smallwood,24,PHI,16.0,6.0,87.0,364.0,3.0,22.0,49.4,15.0,4.2,22.8,5.4,2.0,,2018,RB,691144,0.39
48,58,Nyheim Hines,22,IND,16.0,4.0,85.0,314.0,2.0,17.0,45.9,18.0,3.7,19.6,5.3,1.0,,2018,RB,661136,0.34
49,59,Rashaad Penny,22,SEA,14.0,0.0,85.0,419.0,2.0,18.0,38.8,38.0,4.9,29.9,6.1,0.0,,2018,RB,1957352,1.1
50,61,Dak Prescott,25,DAL,16.0,16.0,75.0,305.0,6.0,25.0,46.7,28.0,4.1,19.1,4.7,12.0,PB,2018,QB,725848,0.39
51,63,Mitchell Trubisky,24,CHI,14.0,14.0,68.0,421.0,3.0,29.0,58.8,39.0,6.2,30.1,4.9,6.0,PB,2018,QB,6598278,3.57
52,64,Russell Wilson,30,SEA,16.0,16.0,67.0,376.0,0.0,23.0,50.7,40.0,5.6,23.5,4.2,10.0,PB,2018,QB,23786666,13.38
53,65,C.J. Anderson,27,2TM,11.0,3.0,67.0,403.0,2.0,21.0,67.2,46.0,6.0,36.6,6.1,0.0,,2018,RB,92941,0.05
56,66,Jeff Wilson,23,SFO,6.0,2.0,66.0,266.0,0.0,13.0,50.0,18.0,4.0,44.3,11.0,3.0,,2018,RB,169410,0.07
57,67,Marcus Mariota,25,TEN,14.0,13.0,64.0,357.0,2.0,26.0,56.3,27.0,5.6,25.5,4.6,9.0,,2018,QB,7704446,3.71
58,68,Kenneth Dixon,24,BAL,6.0,0.0,60.0,333.0,2.0,20.0,51.7,37.0,5.6,55.5,10.0,2.0,,2018,RB,717391,0.4
59,69,Chase Edmonds,22,ARI,16.0,0.0,60.0,208.0,2.0,14.0,43.3,29.0,3.5,13.0,3.8,1.0,,2018,RB,593089,0.33
60,70,Patrick Mahomes,23,KAN,16.0,16.0,60.0,272.0,2.0,17.0,53.3,28.0,4.5,17.0,3.8,9.0,"PB,AP-1,AP MVP-1,AP OPoY-1",2018,QB,3733141,2.08
61,71,Jordan Wilkins,24,IND,16.0,3.0,60.0,336.0,1.0,15.0,56.7,53.0,5.6,21.0,3.8,2.0,,2018,RB,540310,0.28
62,72,Blake Bortles,26,JAX,13.0,12.0,58.0,365.0,1.0,28.0,60.3,41.0,6.3,28.1,4.5,8.0,,2018,QB,10000000,4.88
63,73,Rex Burkhead,28,NWE,8.0,4.0,57.0,186.0,0.0,11.0,38.6,12.0,3.3,23.3,7.1,2.0,,2018,RB,2250000,1.25
64,74,Giovani Bernard,27,CIN,12.0,4.0,56.0,211.0,3.0,14.0,37.5,23.0,3.8,17.6,4.7,0.0,,2018,RB,4200000,2.22
65,75,Jaylen Samuels,22,PIT,14.0,3.0,56.0,256.0,0.0,13.0,51.8,25.0,4.6,18.3,4.0,1.0,,2018,RB,544516,0.3
66,76,Jalen Richard,25,OAK,16.0,1.0,55.0,259.0,1.0,11.0,45.5,30.0,4.7,16.2,3.4,3.0,,2018,RB,630000,0.34
67,77,Zach Zenner,27,DET,8.0,1.0,55.0,265.0,3.0,14.0,54.5,29.0,4.8,33.1,6.9,0.0,,2018,RB,527941,0.29
68,79,Wayne Gallman,24,NYG,15.0,1.0,51.0,176.0,1.0,7.0,41.2,9.0,3.5,11.7,3.4,2.0,,2018,RB,659912,0.37
69,80,Spencer Ware,27,KAN,13.0,2.0,51.0,246.0,2.0,14.0,43.1,34.0,4.8,18.9,3.9,0.0,,2018,RB,1920834,1.07
70,81,Justin Jackson,22,LAC,13.0,1.0,50.0,206.0,2.0,13.0,50.0,20.0,4.1,15.8,3.8,0.0,,2018,RB,395294,0.22
71,82,Damien Williams,26,KAN,16.0,3.0,50.0,256.0,4.0,15.0,62.0,25.0,5.1,16.0,3.1,1.0,,2018,RB,1733333,0.96
72,83,Jameis Winston,24,TAM,11.0,9.0,49.0,281.0,1.0,19.0,53.1,18.0,5.7,25.5,4.5,7.0,,2018,QB,7941903,4.13
73,84,Andrew Luck,29,IND,16.0,16.0,46.0,148.0,0.0,12.0,39.1,33.0,3.2,9.3,2.9,6.0,"PB,AP CPoY-1",2018,QB,24400000,12.57
74,86,Kirk Cousins,30,MIN,16.0,16.0,44.0,123.0,1.0,12.0,36.4,19.0,2.8,7.7,2.8,9.0,,2018,QB,24000000,12.57
75,87,Sam Darnold,21,NYJ,13.0,13.0,44.0,138.0,1.0,16.0,38.6,28.0,3.1,10.6,3.4,5.0,,2018,QB,5499584,2.83
76,88,Rod Smith,26,DAL,16.0,1.0,44.0,127.0,1.0,10.0,38.6,14.0,2.9,7.9,2.8,0.0,,2018,RB,705000,0.38
77,90,Jared Goff,24,LAR,16.0,16.0,43.0,108.0,2.0,9.0,32.6,16.0,2.5,6.8,2.7,12.0,PB,2018,QB,7619365,4.2
78,91,Aaron Rodgers,35,GNB,16.0,16.0,43.0,269.0,2.0,20.0,69.8,23.0,6.3,16.8,2.7,6.0,PB,2018,QB,20900000,11.54
79,92,Chris Thompson,28,WAS,10.0,0.0,43.0,178.0,0.0,9.0,30.2,16.0,4.1,17.8,4.3,1.0,,2018,RB,3152250,1.76
80,93,Cordarrelle Patterson,27,NWE,15.0,5.0,42.0,228.0,1.0,15.0,54.8,27.0,5.4,15.2,2.8,1.0,AP-2,2018,WR,3250000,1.8
81,94,Javorius Allen,27,BAL,14.0,0.0,41.0,110.0,3.0,10.0,36.6,17.0,2.7,7.9,2.9,1.0,,2018,RB,823618,0.46
82,96,Ty Montgomery,25,2TM,13.0,0.0,41.0,188.0,1.0,10.0,53.7,16.0,4.6,14.5,3.2,2.0,,2018,RB,379323,0.21
85,97,Duke Johnson,25,CLE,16.0,2.0,40.0,201.0,0.0,9.0,50.0,23.0,5.0,12.6,2.5,1.0,,2018,RB,3894523,1.65
86,98,Theo Riddick,27,DET,14.0,3.0,40.0,171.0,0.0,8.0,42.5,19.0,4.3,12.2,2.9,0.0,,2018,RB,4125000,2.27
87,99,Baker Mayfield,23,CLE,14.0,13.0,39.0,131.0,0.0,8.0,38.5,35.0,3.4,9.4,2.8,7.0,AP ORoY-2,2018,QB,5942360,2.52
88,100,Trenton Cannon,24,NYJ,16.0,0.0,38.0,113.0,1.0,7.0,36.8,21.0,3.0,7.1,2.4,0.0,,2018,RB,514806,0.26
89,101,Taysom Hill,28,NOR,16.0,4.0,37.0,196.0,2.0,15.0,56.8,35.0,5.3,12.3,2.3,1.0,,2018,QB,555000,0.31
90,102,Kalen Ballage,23,MIA,12.0,0.0,36.0,191.0,1.0,10.0,44.4,75.0,5.3,15.9,3.0,1.0,,2018,RB,627295,0.35
91,103,Ryan Fitzpatrick,36,TAM,8.0,7.0,36.0,152.0,2.0,9.0,44.4,18.0,4.2,19.0,4.5,4.0,,2018,QB,3300000,1.72
92,104,Devontae Booker,26,DEN,16.0,0.0,34.0,183.0,1.0,11.0,52.9,26.0,5.4,11.4,2.1,1.0,,2018,RB,725848,0.39
93,106,Carson Wentz,26,PHI,11.0,11.0,34.0,93.0,0.0,8.0,44.1,13.0,2.7,8.5,3.1,9.0,,2018,QB,7275365,4.09
94,107,Jacquizz Rodgers,28,TAM,16.0,0.0,33.0,106.0,1.0,7.0,33.3,20.0,3.2,6.6,2.1,1.0,,2018,RB,1600000,0.83
95,108,Matt Ryan,33,ATL,16.0,16.0,33.0,125.0,3.0,15.0,57.6,15.0,3.8,7.8,2.1,10.0,,2018,QB,17700000,9.93
96,109,Ryan Tannehill,30,MIA,11.0,11.0,32.0,145.0,0.0,9.0,40.6,20.0,4.5,13.2,2.9,5.0,,2018,QB,8676666,4.89
97,110,Drew Brees,39,NOR,15.0,15.0,31.0,22.0,4.0,11.0,38.7,11.0,0.7,1.5,2.1,5.0,"PB,AP-2,AP MVP-2,AP OPoY-2",2018,QB,24000000,13.52
98,111,Ben Roethlisberger,36,PIT,16.0,16.0,31.0,98.0,3.0,13.0,51.6,18.0,3.2,6.1,1.9,7.0,,2018,QB,23200000,12.8
99,112,DeAndre Washington,25,OAK,10.0,0.0,30.0,115.0,0.0,8.0,56.7,13.0,3.8,11.5,3.0,1.0,,2018,RB,697298,0.38
100,113,Stevan Ridley,29,PIT,10.0,0.0,29.0,80.0,1.0,3.0,27.6,12.0,2.8,8.0,2.9,2.0,,2018,RB,630000,0.35
101,114,Darren Sproles,35,PHI,6.0,2.0,29.0,120.0,1.0,6.0,41.4,17.0,4.1,20.0,4.8,0.0,,2018,RB,1433000,0.81
102,115,John Kelly,22,LAR,4.0,0.0,27.0,74.0,0.0,6.0,40.7,7.0,2.7,18.5,6.8,0.0,,2018,RB,527072,0.29
103,116,Dwayne Washington,24,NOR,13.0,0.0,27.0,154.0,0.0,7.0,44.4,28.0,5.7,11.8,2.1,0.0,,2018,RB,518823,0.29
104,117,Case Keenum,30,DEN,16.0,16.0,26.0,93.0,2.0,11.0,46.2,17.0,3.6,5.8,1.6,11.0,,2018,QB,15000000,8.0
105,118,Jeff Driskel,25,CIN,9.0,5.0,25.0,130.0,2.0,7.0,44.0,27.0,5.2,14.4,2.8,4.0,,2018,QB,630000,0.33
106,119,Matthew Stafford,30,DET,16.0,16.0,25.0,71.0,0.0,8.0,44.0,10.0,2.8,4.4,1.6,6.0,,2018,QB,26500000,14.61
107,120,Derek Carr,27,OAK,16.0,16.0,24.0,47.0,1.0,5.0,29.2,15.0,2.0,2.9,1.5,12.0,,2018,QB,25000000,13.53
108,121,Tom Brady,41,NWE,16.0,16.0,23.0,35.0,2.0,10.0,43.5,10.0,1.5,2.2,1.4,4.0,PB,2018,QB,22000000,12.21
109,122,Josh Johnson,32,WAS,4.0,3.0,23.0,120.0,1.0,7.0,56.5,16.0,5.2,30.0,5.8,2.0,,2018,QB,148235,0.08
110,123,Ronald Jones II,21,TAM,9.0,0.0,23.0,44.0,1.0,2.0,39.1,9.0,1.9,4.9,2.6,0.0,,2018,RB,1285801,0.67
111,124,Josh Rosen,21,ARI,14.0,13.0,23.0,138.0,0.0,8.0,39.1,33.0,6.0,9.9,1.6,10.0,,2018,QB,3199592,1.79
112,125,Tyreek Hill,24,KAN,16.0,16.0,22.0,151.0,1.0,7.0,63.6,33.0,6.9,9.4,1.4,0.0,"PB,AP-1",2018,WR,704996,0.39
113,126,Keith Ford,24,BUF,2.0,1.0,21.0,79.0,0.0,4.0,42.9,11.0,3.8,39.5,10.5,0.0,,2018,RB,84705,0.04
114,127,Kapri Bibbs,25,2TM,12.0,0.0,21.0,103.0,3.0,8.0,57.1,15.0,4.9,8.6,1.8,1.0,,2018,RB,82941,0.05
117,128,Brian Hill,23,ATL,10.0,0.0,20.0,157.0,0.0,5.0,45.0,60.0,7.9,15.7,2.0,1.0,,2018,RB,522352,0.29
118,129,Cameron Artis-Payne,28,CAR,9.0,0.0,19.0,69.0,1.0,8.0,57.9,15.0,3.6,7.7,2.1,0.0,,2018,RB,746565,0.41
119,131,C.J. Beathard,25,SFO,6.0,5.0,19.0,69.0,1.0,6.0,42.1,13.0,3.6,11.5,3.2,5.0,,2018,QB,801965,0.34
120,132,Joe Flacco,33,BAL,9.0,9.0,19.0,45.0,0.0,10.0,57.9,13.0,2.4,5.0,2.1,3.0,,2018,QB,24750000,13.71
121,133,Cody Kessler,25,JAX,5.0,4.0,19.0,123.0,0.0,9.0,52.6,21.0,6.5,24.6,3.8,5.0,,2018,QB,758098,0.37
122,134,Robert Woods,26,LAR,16.0,16.0,19.0,157.0,1.0,9.0,63.2,56.0,8.3,9.8,1.2,0.0,,2018,WR,5465019,3.01
123,135,Nick Mullens,23,SFO,8.0,8.0,18.0,-16.0,0.0,1.0,5.6,2.0,-0.9,-2.0,2.3,2.0,,2018,QB,395290,0.17
124,136,Philip Rivers,37,LAC,16.0,16.0,18.0,7.0,0.0,1.0,16.7,7.0,0.4,0.4,1.1,2.0,PB,2018,QB,22000000,12.23
125,139,Tyrod Taylor,29,CLE,4.0,3.0,16.0,125.0,1.0,6.0,56.3,24.0,7.8,31.3,4.0,3.0,,2018,QB,16000000,6.78
126,140,Eli Manning,37,NYG,16.0,16.0,15.0,20.0,1.0,5.0,46.7,7.0,1.3,1.3,0.9,7.0,,2018,QB,22200000,12.5
127,142,Mark Walton,21,CIN,14.0,0.0,14.0,34.0,0.0,5.0,35.7,10.0,2.4,2.4,1.0,0.0,,2018,RB,651336,0.35
128,143,Chase Daniel,32,CHI,5.0,2.0,13.0,3.0,0.0,1.0,7.7,4.0,0.2,0.6,2.6,4.0,,2018,QB,4000000,2.16
129,145,Tyler Lockett,26,SEA,16.0,14.0,13.0,69.0,0.0,3.0,46.2,18.0,5.3,4.3,0.8,2.0,,2018,WR,4446688,2.5
130,146,D.J. Moore,21,CAR,16.0,10.0,13.0,172.0,0.0,6.0,84.6,32.0,13.2,10.8,0.8,4.0,,2018,WR,2031148,1.12
131,147,Darrel Williams,23,KAN,6.0,0.0,13.0,44.0,0.0,3.0,53.8,8.0,3.4,7.3,2.2,0.0,,2018,RB,485000,0.27
132,148,Mike Boone,23,MIN,8.0,0.0,11.0,47.0,0.0,2.0,36.4,20.0,4.3,5.9,1.4,0.0,,2018,RB,482500,0.25
133,149,Teddy Bridgewater,26,NOR,5.0,1.0,11.0,5.0,0.0,1.0,9.1,9.0,0.5,1.0,2.2,0.0,,2018,QB,2290000,1.29
134,150,Travaris Cadet,29,CAR,1.0,0.0,11.0,17.0,0.0,0.0,36.4,5.0,1.5,17.0,11.0,0.0,,2018,RB,259412,0.14
135,151,Benny Cunningham,28,CHI,15.0,0.0,11.0,20.0,0.0,0.0,18.2,6.0,1.8,1.3,0.7,0.0,,2018,RB,1043750,0.56
137,153,Detrez Newsome,24,LAC,9.0,0.0,11.0,49.0,0.0,3.0,45.5,16.0,4.5,5.4,1.2,0.0,,2018,RB,310585,0.17
138,154,Brandin Cooks,25,LAR,16.0,16.0,10.0,68.0,1.0,5.0,90.0,17.0,6.8,4.3,0.6,1.0,,2018,WR,5400000,2.97
139,155,Stefon Diggs,25,MIN,15.0,14.0,10.0,62.0,0.0,3.0,70.0,20.0,6.2,4.1,0.7,0.0,,2018,WR,4963929,2.6
140,157,Isaiah McKenzie,23,BUF,7.0,1.0,10.0,66.0,2.0,4.0,60.0,15.0,6.6,9.4,1.4,2.0,,2018,WR,261176,0.14
141,159,Keenan Allen,26,LAC,16.0,14.0,9.0,75.0,0.0,4.0,44.4,28.0,8.3,4.7,0.6,3.0,PB,2018,WR,9650000,5.37
142,160,Alex Armah,24,CAR,16.0,2.0,9.0,15.0,2.0,3.0,44.4,4.0,1.7,0.9,0.6,0.0,,2018,FB,555000,0.31
143,161,Julian Edelman,32,NWE,12.0,12.0,9.0,107.0,0.0,7.0,100.0,20.0,11.9,8.9,0.8,1.0,,2018,WR,3940361,2.19
144,162,Nick Foles,29,PHI,5.0,5.0,9.0,17.0,0.0,6.0,66.7,4.0,1.9,3.4,1.8,4.0,,2018,QB,13600000,7.65
145,163,Taylor Gabriel,27,CHI,16.0,11.0,9.0,61.0,0.0,3.0,77.8,20.0,6.8,3.8,0.6,1.0,,2018,WR,5500000,2.98
146,164,Jeremy Langford,27,ATL,1.0,0.0,9.0,25.0,0.0,1.0,44.4,7.0,2.8,25.0,9.0,0.0,,2018,RB,74118,0.04
147,165,Zach Line,28,NOR,16.0,6.0,9.0,41.0,0.0,6.0,88.9,9.0,4.6,2.6,0.6,0.0,,2018,FB,1000000,0.56
148,166,Taquan Mizzell,25,CHI,9.0,1.0,9.0,16.0,0.0,0.0,22.2,7.0,1.8,1.8,1.0,0.0,,2018,RB,293823,0.16
149,167,Dede Westbrook,25,JAX,16.0,9.0,9.0,98.0,0.0,5.0,66.7,43.0,10.9,6.1,0.6,3.0,,2018,WR,724039,0.35
150,168,Brandon Bolden,28,MIA,16.0,0.0,8.0,91.0,2.0,4.0,62.5,54.0,11.4,5.7,0.5,1.0,,2018,RB,850000,0.48
151,170,Kyle Juszczyk,27,SFO,16.0,14.0,8.0,30.0,0.0,2.0,37.5,12.0,3.8,1.9,0.5,2.0,PB,2018,FB,4500000,1.93
152,171,Brock Osweiler,28,MIA,7.0,5.0,8.0,21.0,0.0,1.0,12.5,7.0,2.6,3.0,1.1,1.0,,2018,QB,720000,0.41
153,172,Samaje Perine,23,WAS,5.0,0.0,8.0,32.0,0.0,2.0,62.5,11.0,4.0,6.4,1.6,0.0,,2018,RB,719945,0.4
154,173,Curtis Samuel,22,CAR,13.0,8.0,8.0,84.0,2.0,3.0,62.5,33.0,10.5,6.5,0.6,1.0,,2018,WR,1466746,0.81
155,174,Geno Smith,28,LAC,5.0,0.0,8.0,2.0,0.0,0.0,12.5,9.0,0.3,0.4,1.6,1.0,,2018,QB,1000000,0.56
156,176,David Williams,24,JAX,6.0,0.0,8.0,36.0,0.0,3.0,37.5,15.0,4.5,6.0,1.3,0.0,,2018,RB,338823,0.17
157,178,Travis Benjamin,29,LAC,12.0,3.0,7.0,41.0,0.0,2.0,42.9,19.0,5.9,3.4,0.6,0.0,,2018,WR,7000000,3.89
158,179,Jacoby Brissett,26,IND,4.0,0.0,7.0,-7.0,0.0,0.0,0.0,-1.0,-1.0,-1.8,1.8,0.0,,2018,QB,760076,0.39
159,180,D'Onta Foreman,22,HOU,1.0,0.0,7.0,-1.0,0.0,0.0,0.0,2.0,-0.1,-1.0,7.0,1.0,,2018,RB,778371,0.42
160,181,Sean Mannion,26,LAR,3.0,0.0,7.0,-9.0,0.0,1.0,14.3,3.0,-1.3,-3.0,2.3,0.0,,2018,QB,1034228,0.57
161,182,Elijhaa Penny,25,NYG,14.0,3.0,7.0,25.0,0.0,2.0,28.6,8.0,3.6,1.8,0.5,0.0,,2018,RB,489705,0.28
162,183,Mohamed Sanu,29,ATL,16.0,16.0,7.0,44.0,0.0,5.0,71.4,24.0,6.3,2.8,0.4,2.0,,2018,WR,7525000,4.22
163,184,Mike Williams,24,LAC,16.0,5.0,7.0,28.0,1.0,2.0,42.9,19.0,4.0,1.8,0.4,0.0,,2018,WR,4488620,2.5
164,185,Tavon Austin,28,DAL,7.0,0.0,6.0,55.0,0.0,2.0,66.7,18.0,9.2,7.9,0.9,0.0,,2018,WR,1875000,1.01
165,187,Corey Davis,23,TEN,16.0,16.0,6.0,55.0,0.0,2.0,50.0,39.0,9.2,3.4,0.4,1.0,,2018,WR,5771523,2.78
166,188,James Develin,30,NWE,16.0,8.0,6.0,8.0,4.0,5.0,83.3,2.0,1.3,0.5,0.4,0.0,,2018,FB,1675000,0.93
167,189,Blaine Gabbert,29,TEN,8.0,3.0,6.0,0.0,0.0,2.0,33.3,,0.0,0.0,0.8,0.0,,2018,QB,2000000,0.96
168,190,C.J. Ham,25,MIN,15.0,2.0,6.0,8.0,0.0,1.0,16.7,5.0,1.3,0.5,0.4,0.0,,2018,RB,555000,0.29
169,191,Darius Jackson,25,DAL,2.0,0.0,6.0,16.0,0.0,0.0,16.7,4.0,2.7,8.0,3.0,0.0,,2018,RB,65294,0.04
170,192,DeSean Jackson,32,TAM,12.0,10.0,6.0,29.0,1.0,2.0,66.7,14.0,4.8,2.4,0.5,0.0,,2018,WR,11000000,5.72
171,193,Anthony Miller,24,CHI,15.0,4.0,6.0,26.0,0.0,0.0,66.7,9.0,4.3,1.7,0.4,1.0,,2018,WR,973400,0.53
172,194,Calvin Ridley,24,ATL,16.0,5.0,6.0,27.0,0.0,1.0,50.0,9.0,4.5,1.7,0.4,2.0,,2018,WR,1981947,1.11
173,196,Ryan Switzer,24,PIT,16.0,1.0,6.0,21.0,0.0,0.0,16.7,8.0,3.5,1.3,0.4,2.0,,2018,WR,555000,0.31
174,199,Kyle Allen,22,CAR,2.0,1.0,5.0,19.0,1.0,2.0,60.0,10.0,3.8,9.5,2.5,0.0,,2018,QB,56470,0.03
175,202,DeShone Kizer,22,GNB,3.0,0.0,5.0,39.0,0.0,3.0,80.0,12.0,7.8,13.0,1.7,1.0,,2018,QB,689928,0.38
176,203,Josh McCown,39,NYJ,4.0,3.0,5.0,32.0,0.0,2.0,80.0,12.0,6.4,8.0,1.3,0.0,,2018,QB,10000000,5.14
177,204,Chris Moore,25,BAL,16.0,0.0,5.0,17.0,0.0,1.0,60.0,9.0,3.4,1.1,0.3,0.0,,2018,WR,779090,0.43
178,205,Adam Thielen,28,MIN,16.0,16.0,5.0,30.0,0.0,1.0,60.0,15.0,6.0,1.9,0.3,1.0,PB,2018,WR,6350000,3.33
179,206,Sammy Watkins,25,KAN,10.0,9.0,5.0,52.0,0.0,2.0,60.0,31.0,10.4,5.2,0.5,1.0,,2018,WR,7800000,4.34
180,207,Jamison Crowder,25,WAS,9.0,7.0,4.0,30.0,0.0,1.0,50.0,25.0,7.5,3.3,0.4,0.0,,2018,WR,2043406,1.14
181,208,Joshua Dobbs,23,PIT,5.0,0.0,4.0,11.0,0.0,2.0,50.0,10.0,2.8,2.2,0.8,0.0,,2018,QB,694781,0.38
182,209,Phillip Dorsett,25,NWE,16.0,2.0,4.0,29.0,0.0,2.0,50.0,17.0,7.3,1.8,0.3,0.0,,2018,WR,1394373,0.77
183,211,Marquise Goodwin,28,SFO,11.0,8.0,4.0,9.0,0.0,0.0,50.0,5.0,2.3,0.8,0.4,1.0,,2018,WR,6275000,2.69
184,216,Breshad Perriman,25,CLE,10.0,2.0,4.0,2.0,0.0,0.0,75.0,7.0,0.5,0.2,0.4,0.0,,2018,WR,497647,0.21
185,217,John Ross,23,CIN,13.0,10.0,4.0,9.0,0.0,0.0,25.0,7.0,2.3,0.7,0.3,0.0,,2018,WR,3889969,2.06
186,220,Derek Watt,26,LAC,16.0,5.0,4.0,11.0,0.0,1.0,50.0,8.0,2.8,0.7,0.3,0.0,,2018,FB,662420,0.37
187,221,Golden Tate,30,2TM,15.0,7.0,4.0,34.0,0.0,1.0,50.0,30.0,8.5,2.3,0.3,3.0,,2018,WR,3705882,2.09
190,222,Nelson Agholor,25,PHI,16.0,16.0,3.0,32.0,0.0,2.0,66.7,16.0,10.7,2.0,0.2,1.0,,2018,WR,2983710,1.68
191,223,Matt Barkley,28,BUF,1.0,1.0,3.0,-2.0,0.0,0.0,0.0,,-0.7,-2.0,3.0,0.0,,2018,QB,618235,0.33
192,224,John Brown,28,BAL,16.0,15.0,3.0,4.0,0.0,0.0,0.0,3.0,1.3,0.3,0.2,0.0,,2018,WR,5000000,2.77
193,226,Keke Coutee,21,HOU,6.0,2.0,3.0,0.0,0.0,0.0,33.3,,0.0,0.0,0.5,0.0,,2018,WR,662256,0.35
194,227,Eric Ebron,25,IND,16.0,8.0,3.0,-8.0,1.0,1.0,33.3,2.0,-2.7,-0.5,0.2,1.0,PB,2018,TE,6750000,3.48
195,228,Evan Engram,24,NYG,11.0,8.0,3.0,36.0,0.0,3.0,100.0,14.0,12.0,3.3,0.3,0.0,,2018,TE,2435978,1.37
196,229,Alex Erickson,26,CIN,16.0,6.0,3.0,22.0,0.0,1.0,66.7,14.0,7.3,1.4,0.2,1.0,,2018,WR,1649666,0.87
197,230,Ted Ginn Jr.,33,NOR,5.0,3.0,3.0,26.0,0.0,1.0,66.7,20.0,8.7,5.2,0.6,1.0,,2018,WR,4500000,2.54
198,232,Jarvis Landry,26,CLE,16.0,14.0,3.0,60.0,1.0,2.0,100.0,51.0,20.0,3.8,0.2,1.0,PB,2018,WR,15500000,6.56
199,233,Tre Madden,25,SEA,14.0,3.0,3.0,3.0,0.0,1.0,33.3,2.0,1.0,0.2,0.2,0.0,,2018,FB,630000,0.35
200,234,Byron Marshall,24,WAS,6.0,0.0,3.0,9.0,0.0,0.0,66.7,4.0,3.0,1.5,0.5,0.0,,2018,RB,490589,0.27
201,235,A.J. McCarron,28,OAK,2.0,0.0,3.0,-2.0,0.0,0.0,0.0,,-0.7,-1.0,1.5,1.0,,2018,QB,900000,0.49
202,236,J.D. McKissic,25,SEA,5.0,0.0,3.0,8.0,0.0,0.0,33.3,6.0,2.7,1.6,0.6,0.0,,2018,RB,630000,0.35
203,237,Tim Patrick,25,DEN,16.0,4.0,3.0,17.0,0.0,2.0,66.7,13.0,5.7,1.1,0.2,2.0,,2018,WR,480000,0.26
204,238,Seth Roberts,27,OAK,15.0,7.0,3.0,5.0,0.0,1.0,33.3,11.0,1.7,0.3,0.2,0.0,,2018,WR,4450000,2.41
205,239,Sterling Shepard,25,NYG,16.0,16.0,3.0,33.0,0.0,1.0,66.7,27.0,11.0,2.1,0.2,1.0,,2018,WR,1621247,0.91
206,240,Jonathan Williams,24,NOR,3.0,0.0,3.0,0.0,0.0,0.0,0.0,,0.0,0.0,1.0,0.0,,2018,RB,222354,0.11
207,241,Maxx Williams,24,BAL,13.0,6.0,3.0,8.0,0.0,2.0,66.7,7.0,2.7,0.6,0.2,0.0,,2018,TE,1289509,0.71
208,244,Antonio Callaway,21,CLE,16.0,11.0,2.0,7.0,0.0,1.0,50.0,15.0,3.5,0.4,0.1,1.0,,2018,WR,659463,0.28
209,245,Matt Cassel,36,DET,2.0,0.0,2.0,13.0,0.0,1.0,50.0,14.0,6.5,6.5,1.0,0.0,,2018,QB,720000,0.4
210,247,Derrick Coleman,28,ARI,16.0,4.0,2.0,3.0,0.0,0.0,0.0,2.0,1.5,0.2,0.1,0.0,,2018,FB,630000,0.35
211,248,Justin Davis,23,LAR,11.0,0.0,2.0,19.0,0.0,1.0,50.0,19.0,9.5,1.7,0.2,0.0,,2018,RB,560000,0.31
212,249,Gerald Everett,24,LAR,16.0,0.0,2.0,16.0,0.0,1.0,100.0,12.0,8.0,1.0,0.1,0.0,,2018,TE,1373743,0.76
213,250,Clayton Fejedelem,25,CIN,16.0,1.0,2.0,6.0,0.0,1.0,0.0,6.0,3.0,0.4,0.1,1.0,,2018,S,645887,0.34
214,251,Marvin Hall,25,ATL,16.0,0.0,2.0,0.0,0.0,0.0,0.0,,0.0,0.0,0.1,0.0,,2018,WR,555000,0.31
215,252,Dwayne Harris,31,OAK,15.0,1.0,2.0,12.0,0.0,1.0,50.0,13.0,6.0,0.8,0.1,2.0,,2018,WR,720000,0.39
216,254,De'Angelo Henderson,26,NYJ,3.0,0.0,2.0,19.0,0.0,0.0,100.0,13.0,9.5,6.3,0.7,1.0,,2018,RB,97941,0.05
217,255,Adam Humphries,25,TAM,16.0,10.0,2.0,11.0,0.0,0.0,100.0,7.0,5.5,0.7,0.1,2.0,,2018,WR,2914000,1.51
218,256,Andy Janovich,25,DEN,16.0,7.0,2.0,5.0,0.0,2.0,100.0,3.0,2.5,0.3,0.1,0.0,,2018,FB,671077,0.36
219,257,Julio Jones,29,ATL,16.0,16.0,2.0,12.0,0.0,1.0,50.0,11.0,6.0,0.8,0.1,2.0,"PB,AP-2",2018,WR,12866667,7.22
220,258,Jourdan Lewis,23,DAL,15.0,1.0,2.0,12.0,0.0,0.0,100.0,7.0,6.0,0.8,0.1,0.0,,2018,CB,768357,0.42
221,259,Tommylee Lewis,26,NOR,7.0,3.0,2.0,10.0,0.0,0.0,50.0,6.0,5.0,1.4,0.3,1.0,,2018,WR,631668,0.36
222,260,T.J. Logan,24,ARI,10.0,0.0,2.0,2.0,0.0,0.0,0.0,5.0,1.0,0.2,0.2,0.0,,2018,RB,530484,0.3
223,261,Ray-Ray McCloud,22,BUF,10.0,1.0,2.0,4.0,0.0,0.0,50.0,7.0,2.0,0.4,0.2,2.0,,2018,WR,519956,0.28
224,262,Jeremy McNichols,23,IND,1.0,0.0,2.0,4.0,0.0,1.0,50.0,7.0,2.0,4.0,2.0,0.0,,2018,RB,130588,0.06
225,264,Zach Pascal,24,IND,16.0,4.0,2.0,10.0,0.0,0.0,50.0,8.0,5.0,0.6,0.1,0.0,,2018,WR,480000,0.25
226,265,Josh Reynolds,23,LAR,16.0,8.0,2.0,8.0,0.0,1.0,50.0,10.0,4.0,0.5,0.1,0.0,,2018,WR,717005,0.4
227,267,Andre Roberts,30,NYJ,16.0,1.0,2.0,20.0,0.0,1.0,50.0,18.0,10.0,1.3,0.1,3.0,"PB,AP-1",2018,WR,720000,0.37
228,268,Nate Sudfeld,25,PHI,2.0,0.0,2.0,-2.0,0.0,0.0,0.0,-1.0,-1.0,-1.0,1.0,0.0,,2018,QB,630000,0.35
229,269,Marquez Valdes-Scantling,24,GNB,16.0,10.0,2.0,29.0,0.0,2.0,100.0,21.0,14.5,1.8,0.1,0.0,,2018,WR,534388,0.3
230,270,Charcandrick West,27,KAN,3.0,0.0,2.0,-1.0,0.0,1.0,50.0,1.0,-0.5,-0.3,0.7,0.0,,2018,RB,148235,0.08
231,271,Tyrell Williams,26,LAC,16.0,10.0,2.0,15.0,0.0,1.0,50.0,14.0,7.5,0.9,0.1,2.0,,2018,WR,2914000,1.62
232,272,Jarius Wright,29,CAR,16.0,6.0,2.0,39.0,0.0,1.0,100.0,34.0,19.5,2.4,0.1,3.0,,2018,WR,1766666,0.97
233,273,Amari Cooper,24,2TM,15.0,15.0,2.0,20.0,0.0,1.0,100.0,11.0,10.0,1.3,0.1,2.0,PB,2018,WR,411764,0.22
236,274,Ameer Abdullah,25,2TM,10.0,0.0,1.0,1.0,0.0,0.0,0.0,1.0,1.0,0.1,0.1,1.0,,2018,RB,412586,0.22
239,275,Jamal Agnew,23,DET,6.0,0.0,1.0,17.0,0.0,1.0,100.0,17.0,17.0,2.8,0.2,1.0,,2018,CB,525885,0.29
240,276,Danny Amendola,33,MIA,15.0,15.0,1.0,-2.0,0.0,0.0,0.0,-2.0,-2.0,-0.1,0.1,2.0,,2018,WR,6000000,3.38
241,277,Derek Anderson,35,BUF,2.0,2.0,1.0,-1.0,0.0,0.0,0.0,-1.0,-1.0,-0.5,0.5,3.0,,2018,QB,503236,0.27
242,278,Cameron Batson,23,TEN,11.0,2.0,1.0,1.0,0.0,1.0,100.0,1.0,1.0,0.1,0.1,1.0,,2018,WR,338820,0.16
243,279,Nick Bellore,29,DET,14.0,4.0,1.0,0.0,0.0,0.0,0.0,,0.0,0.0,0.1,0.0,,2018,ILB,720000,0.4
244,280,Tommy Bohanon,28,JAX,16.0,6.0,1.0,0.0,0.0,0.0,0.0,,0.0,0.0,0.1,0.0,,2018,FB,790000,0.39
245,282,Trey Burton,27,CHI,16.0,16.0,1.0,2.0,0.0,1.0,100.0,2.0,2.0,0.1,0.1,1.0,,2018,TE,5925000,3.21
246,283,Leonte Carroo,24,MIA,9.0,0.0,1.0,14.0,0.0,1.0,0.0,14.0,14.0,1.6,0.1,0.0,,2018,WR,370588,0.21
247,285,Jehu Chesson,25,WAS,12.0,0.0,1.0,-4.0,0.0,0.0,0.0,-4.0,-4.0,-0.3,0.1,0.0,,2018,WR,359117,0.2
248,286,Corey Coleman,24,NYG,8.0,1.0,1.0,5.0,0.0,0.0,100.0,5.0,5.0,0.6,0.1,0.0,,2018,WR,370588,0.21
249,287,Ed Dickson,31,SEA,10.0,1.0,1.0,9.0,0.0,1.0,100.0,9.0,9.0,0.9,0.1,0.0,,2018,TE,1866666,1.05
250,288,Michael Dickson,22,SEA,16.0,0.0,1.0,9.0,0.0,1.0,0.0,9.0,9.0,0.6,0.1,0.0,"PB,AP-1",2018,P,552537,0.31
251,289,Patrick DiMarco,29,BUF,16.0,5.0,1.0,9.0,0.0,1.0,100.0,9.0,9.0,0.6,0.1,0.0,,2018,FB,2050000,1.09
252,290,Riley Dixon,25,NYG,16.0,0.0,1.0,14.0,0.0,1.0,0.0,14.0,14.0,0.9,0.1,0.0,,2018,P,630000,0.35
253,293,Kenny Golladay,25,DET,15.0,13.0,1.0,8.0,0.0,0.0,100.0,8.0,8.0,0.5,0.1,1.0,,2018,WR,765706,0.42
254,296,Jeff Heath,27,DAL,16.0,16.0,1.0,3.0,0.0,1.0,0.0,3.0,3.0,0.2,0.1,0.0,,2018,SS,2450000,1.32
255,297,Johnny Hekker,28,LAR,16.0,0.0,1.0,3.0,0.0,0.0,0.0,3.0,3.0,0.2,0.1,0.0,AP-2,2018,P,2678551,1.48
256,298,Chad Henne,33,KAN,1.0,0.0,1.0,3.0,0.0,0.0,0.0,3.0,3.0,3.0,1.0,0.0,,2018,QB,2600000,1.45
257,299,Darrius Heyward-Bey,31,PIT,14.0,2.0,1.0,-7.0,0.0,0.0,0.0,-7.0,-7.0,-0.5,0.1,0.0,,2018,WR,1333334,0.74
258,300,Akiem Hicks,29,CHI,16.0,16.0,1.0,1.0,1.0,1.0,100.0,1.0,1.0,0.1,0.1,0.0,PB,2018,DE,9600000,5.19
259,301,DeAndre Hopkins,26,HOU,16.0,16.0,1.0,-7.0,0.0,0.0,0.0,-7.0,-7.0,-0.4,0.1,2.0,"PB,AP-1,AP OPoY-3",2018,WR,14000000,7.48
260,302,Hayden Hurst,25,BAL,12.0,0.0,1.0,0.0,0.0,0.0,0.0,,0.0,0.0,0.1,0.0,,2018,TE,2006550,1.11
261,303,Melvin Ingram,29,LAC,16.0,16.0,1.0,0.0,0.0,0.0,0.0,,0.0,0.0,0.1,1.0,PB,2018,DE,13875000,7.72
262,304,Darius Jennings,26,TEN,16.0,0.0,1.0,2.0,0.0,0.0,0.0,2.0,2.0,0.1,0.1,0.0,,2018,WR,630000,0.3
263,307,Zay Jones,23,BUF,16.0,15.0,1.0,0.0,0.0,0.0,0.0,,0.0,0.0,0.1,1.0,,2018,WR,1540870,0.82
264,309,George Kittle,25,SFO,16.0,16.0,1.0,10.0,0.0,1.0,100.0,10.0,10.0,0.6,0.1,0.0,"PB,AP-2",2018,TE,629571,0.27
265,310,Kyle Lauletta,23,NYG,2.0,0.0,1.0,-2.0,0.0,0.0,0.0,-2.0,-2.0,-1.0,0.5,0.0,,2018,QB,656924,0.37
266,312,David Moore,23,SEA,16.0,7.0,1.0,5.0,0.0,0.0,100.0,5.0,5.0,0.3,0.1,2.0,,2018,WR,555000,0.31
267,313,Jordy Nelson,33,OAK,15.0,14.0,1.0,-2.0,0.0,0.0,0.0,-2.0,-2.0,-0.1,0.1,1.0,,2018,WR,9168750,4.96
268,314,Roosevelt Nix,26,PIT,16.0,0.0,1.0,4.0,0.0,0.0,0.0,4.0,4.0,0.3,0.1,0.0,,2018,FB,1437500,0.79
269,317,Brandon Powell,23,DET,6.0,1.0,1.0,4.0,0.0,0.0,100.0,4.0,4.0,0.7,0.2,0.0,,2018,WR,484000,0.27
270,321,Allen Robinson,25,CHI,13.0,12.0,1.0,9.0,0.0,0.0,100.0,9.0,9.0,0.7,0.1,1.0,,2018,WR,11812500,6.39
271,322,Chester Rogers,24,IND,16.0,10.0,1.0,-4.0,0.0,0.0,0.0,-4.0,-4.0,-0.3,0.1,1.0,,2018,WR,630000,0.32
272,323,Eli Rogers,26,PIT,3.0,3.0,1.0,-4.0,0.0,0.0,0.0,-4.0,-4.0,-1.3,0.3,1.0,,2018,WR,411706,0.23
273,324,Mark Sanchez,32,WAS,2.0,1.0,1.0,8.0,0.0,1.0,100.0,8.0,8.0,4.0,0.5,1.0,,2018,QB,222354,0.12
274,325,Matt Schaub,37,ATL,3.0,0.0,1.0,0.0,0.0,0.0,0.0,,0.0,0.0,0.3,1.0,,2018,QB,4500000,2.52
275,326,Tajae Sharpe,24,TEN,16.0,13.0,1.0,16.0,0.0,1.0,100.0,16.0,16.0,1.0,0.1,0.0,,2018,WR,698721,0.34
276,327,Anthony Sherman,30,KAN,16.0,1.0,1.0,2.0,0.0,1.0,100.0,2.0,2.0,0.1,0.1,0.0,PB,2018,FB,2000000,1.11
277,328,Keith Smith,26,OAK,16.0,3.0,1.0,0.0,0.0,0.0,0.0,,0.0,0.0,0.1,0.0,,2018,FB,1500000,0.81
278,329,JuJu Smith-Schuster,22,PIT,16.0,13.0,1.0,13.0,0.0,1.0,100.0,13.0,13.0,0.8,0.1,1.0,PB,2018,WR,953585,0.53
279,330,Willie Snead,26,BAL,16.0,10.0,1.0,13.0,0.0,1.0,100.0,13.0,13.0,0.8,0.1,0.0,,2018,WR,2000000,1.11
280,331,Equanimeous St. Brown,22,GNB,12.0,7.0,1.0,5.0,0.0,0.0,100.0,5.0,5.0,0.4,0.1,0.0,,2018,WR,509602,0.28
282,334,Courtland Sutton,23,DEN,16.0,9.0,1.0,-1.0,0.0,0.0,0.0,-1.0,-1.0,-0.1,0.1,0.0,,2018,WR,1243985,0.66
283,336,Johnny Townsend,23,OAK,16.0,0.0,1.0,42.0,0.0,1.0,0.0,42.0,42.0,2.6,0.1,0.0,,2018,P,534388,0.29
284,338,Darren Waller,26,OAK,4.0,0.0,1.0,21.0,0.0,1.0,100.0,21.0,21.0,5.3,0.3,0.0,,2018,TE,185294,0.1
285,339,Brandon Weeden,35,HOU,1.0,0.0,1.0,-1.0,0.0,0.0,0.0,-1.0,-1.0,-1.0,1.0,0.0,,2018,QB,720000,0.38
286,340,Chad Williams,24,ARI,10.0,7.0,1.0,9.0,0.0,0.0,100.0,9.0,9.0,0.9,0.1,0.0,,2018,WR,758072,0.42
287,341,Tavon Wilson,28,DET,15.0,3.0,1.0,7.0,0.0,1.0,0.0,7.0,7.0,0.5,0.1,0.0,,2018,SS,3128125,1.72
288,342,Davante Adams,26,GNB,15.0,15.0,0.0,0.0,0.0,0.0,,,,0.0,0.0,0.0,PB,2018,WR,10568750,5.83
289,344,Jordan Akins,26,HOU,16.0,6.0,0.0,0.0,0.0,0.0,,,,0.0,0.0,0.0,,2018,TE,670380,0.36
290,345,Mo Alie-Cox,25,IND,9.0,1.0,0.0,0.0,0.0,0.0,,,,0.0,0.0,0.0,,2018,TE,338820,0.17
291,346,Dwayne Allen,28,NWE,13.0,8.0,0.0,0.0,0.0,0.0,,,,0.0,0.0,0.0,,2018,TE,3880000,2.15
292,348,Mark Andrews,23,BAL,16.0,3.0,0.0,0.0,0.0,0.0,,,,0.0,0.0,0.0,,2018,TE,689165,0.38
293,349,Dan Arnold,23,NOR,10.0,1.0,0.0,0.0,0.0,0.0,,,,0.0,0.0,1.0,,2018,WR,480000,0.27
294,350,Marcell Ateman,24,OAK,7.0,6.0,0.0,0.0,0.0,0.0,,,,0.0,0.0,0.0,,2018,WR,282350,0.15
295,351,Antony Auclair,25,TAM,16.0,10.0,0.0,0.0,0.0,0.0,,,,0.0,0.0,0.0,,2018,TE,561666,0.29
296,352,Doug Baldwin,30,SEA,13.0,13.0,0.0,0.0,0.0,0.0,,,,0.0,0.0,0.0,,2018,WR,11800000,6.64
297,353,Cole Beasley,29,DAL,16.0,4.0,0.0,0.0,0.0,0.0,,,,0.0,0.0,0.0,,2018,WR,4250000,2.3
298,354,Chad Beebe,24,MIN,3.0,0.0,0.0,0.0,0.0,0.0,,,,0.0,0.0,0.0,,2018,WR,254115,0.13
299,355,Blake Bell,27,JAX,10.0,4.0,0.0,0.0,0.0,0.0,,,,0.0,0.0,0.0,,2018,TE,456176,0.22
300,356,Josh Bellamy,29,CHI,16.0,2.0,0.0,0.0,0.0,0.0,,,,0.0,0.0,0.0,,2018,WR,1907000,1.03
301,357,Kelvin Benjamin,27,2TM,15.0,10.0,0.0,0.0,0.0,0.0,,,,0.0,0.0,0.0,,2018,WR,352941,0.2
304,358,Victor Bolden,23,SFO,4.0,0.0,0.0,0.0,0.0,0.0,,,,0.0,0.0,0.0,,2018,WR,65294,0.03
305,359,Kendrick Bourne,23,SFO,16.0,8.0,0.0,0.0,0.0,0.0,,,,0.0,0.0,1.0,,2018,WR,556666,0.24
306,360,Nick Boyle,25,BAL,16.0,13.0,0.0,0.0,0.0,0.0,,,,0.0,0.0,0.0,,2018,TE,746565,0.41
307,361,Cameron Brate,27,TAM,16.0,2.0,0.0,0.0,0.0,0.0,,,,0.0,0.0,1.0,,2018,TE,7000000,3.64
308,362,Ben Braunecker,24,CHI,15.0,2.0,0.0,0.0,0.0,0.0,,,,0.0,0.0,0.0,,2018,TE,630000,0.34
309,363,Antonio Brown,30,PIT,15.0,15.0,0.0,0.0,0.0,0.0,,,,0.0,0.0,0.0,PB,2018,WR,7955000,4.39
310,364,Jaron Brown,28,SEA,16.0,2.0,0.0,0.0,0.0,0.0,,,,0.0,0.0,0.0,,2018,WR,1775000,1.0
311,365,Noah Brown,22,DAL,8.0,2.0,0.0,0.0,0.0,0.0,,,,0.0,0.0,0.0,,2018,WR,479278,0.26
312,366,Deontay Burnett,21,NYJ,5.0,1.0,0.0,0.0,0.0,0.0,,,,0.0,0.0,0.0,,2018,WR,310585,0.16
313,367,Michael Burton,26,CHI,8.0,1.0,0.0,0.0,0.0,0.0,,,,0.0,0.0,0.0,,2018,FB,705000,0.38
314,368,Brice Butler,28,2TM,8.0,1.0,0.0,0.0,0.0,0.0,,,,0.0,0.0,0.0,,2018,WR,325294,0.18
317,371,Austin Carr,25,NOR,14.0,2.0,0.0,0.0,0.0,0.0,,,,0.0,0.0,0.0,,2018,WR,555000,0.31
318,372,Derek Carrier,28,OAK,16.0,2.0,0.0,0.0,0.0,0.0,,,,0.0,0.0,0.0,,2018,TE,2000000,1.08
319,373,Garrett Celek,30,SFO,15.0,1.0,0.0,0.0,0.0,0.0,,,,0.0,0.0,0.0,,2018,TE,2653125,1.14
320,374,DJ Chark,22,JAX,11.0,0.0,0.0,0.0,0.0,0.0,,,,0.0,0.0,1.0,,2018,WR,808587,0.39
321,376,Charles Clay,29,BUF,13.0,12.0,0.0,0.0,0.0,0.0,,,,0.0,0.0,1.0,,2018,TE,9000000,4.77
322,378,Randall Cobb,28,GNB,9.0,6.0,0.0,0.0,0.0,0.0,,,,0.0,0.0,2.0,,2018,WR,12531250,6.92
323,379,Keelan Cole,25,JAX,16.0,11.0,0.0,0.0,0.0,0.0,,,,0.0,0.0,2.0,,2018,WR,556333,0.27
324,381,Tyler Conklin,23,MIN,16.0,3.0,0.0,0.0,0.0,0.0,,,,0.0,0.0,0.0,,2018,TE,550257,0.29
325,382,Chris Conley,26,KAN,16.0,13.0,0.0,0.0,0.0,0.0,,,,0.0,0.0,2.0,,2018,WR,2085110,1.16
326,383,Jared Cook,31,OAK,16.0,14.0,0.0,0.0,0.0,0.0,,,,0.0,0.0,0.0,PB,2018,TE,5675000,3.07
327,384,Pharoh Cooper,23,LAR,5.0,0.0,0.0,0.0,0.0,0.0,,,,0.0,0.0,0.0,,2018,WR,74118,0.04
328,385,Cody Core,24,CIN,14.0,3.0,0.0,0.0,0.0,0.0,,,,0.0,0.0,0.0,,2018,WR,661983,0.35
329,386,Michael Crabtree,31,BAL,16.0,16.0,0.0,0.0,0.0,0.0,,,,0.0,0.0,0.0,,2018,WR,3333333,1.85
330,387,River Cracraft,24,DEN,8.0,0.0,0.0,0.0,0.0,0.0,,,,0.0,0.0,1.0,,2018,WR,254115,0.14
331,388,Jason Croom,24,BUF,15.0,3.0,0.0,0.0,0.0,0.0,,,,0.0,0.0,2.0,,2018,TE,482000,0.26
332,389,Mason Crosby,34,GNB,16.0,0.0,0.0,0.0,0.0,0.0,,,,0.0,0.0,0.0,,2018,K,5250000,2.9
333,391,Dane Cruikshank,23,TEN,12.0,0.0,0.0,0.0,0.0,0.0,,,,0.0,0.0,0.0,,2018,S,551973,0.27
334,392,Sean Culkin,25,LAC,13.0,10.0,0.0,0.0,0.0,0.0,,,,0.0,0.0,0.0,,2018,TE,559000,0.31
335,393,Jerome Cunningham,27,DET,3.0,0.0,0.0,0.0,0.0,0.0,,,,0.0,0.0,0.0,,2018,TE,97941,0.05
336,394,Darrell Daniels,24,2TM,11.0,3.0,0.0,0.0,0.0,0.0,,,,0.0,0.0,0.0,,2018,TE,163235,0.09
339,395,Geremy Davis,26,LAC,14.0,0.0,0.0,0.0,0.0,0.0,,,,0.0,0.0,0.0,,2018,WR,763750,0.42
340,397,Vernon Davis,34,WAS,14.0,8.0,0.0,0.0,0.0,0.0,,,,0.0,0.0,0.0,,2018,TE,5302083,2.97
341,398,Dion Dawkins,24,BUF,16.0,16.0,0.0,0.0,0.0,0.0,,,,0.0,0.0,0.0,,2018,LT,950736,0.5
342,399,Taylor Decker,24,DET,16.0,16.0,0.0,0.0,0.0,0.0,,,,0.0,0.0,0.0,,2018,LT,2990994,1.65
343,401,Seth Devalve,25,CLE,13.0,4.0,0.0,0.0,0.0,0.0,,,,0.0,0.0,0.0,,2018,TE,725848,0.31
344,402,Gehrig Dieter,25,KAN,4.0,0.0,0.0,0.0,0.0,0.0,,,,0.0,0.0,0.0,,2018,WR,169412,0.09
345,404,Josh Doctson,26,WAS,15.0,12.0,0.0,0.0,0.0,0.0,,,,0.0,0.0,0.0,,2018,WR,2740811,1.53
346,406,Ross Dwelley,23,SFO,11.0,0.0,0.0,0.0,0.0,0.0,,,,0.0,0.0,0.0,,2018,TE,338824,0.15
347,408,Rhett Ellison,30,NYG,14.0,12.0,0.0,0.0,0.0,0.0,,,,0.0,0.0,0.0,,2018,TE,3750000,2.11
348,409,Zach Ertz,28,PHI,16.0,16.0,0.0,0.0,0.0,0.0,,,,0.0,0.0,1.0,PB,2018,TE,4937500,2.78
349,411,Mike Evans,25,TAM,16.0,16.0,0.0,0.0,0.0,0.0,,,,0.0,0.0,2.0,PB,2018,WR,18258000,9.49
350,412,George Fant,26,SEA,16.0,7.0,0.0,0.0,0.0,0.0,,,,0.0,0.0,0.0,,2018,RT,636668,0.36
351,413,Darren Fells,32,CLE,16.0,11.0,0.0,0.0,0.0,0.0,,,,0.0,0.0,0.0,,2018,TE,3600000,1.52
352,414,Anthony Firkser,23,TEN,12.0,0.0,0.0,0.0,0.0,0.0,,,,0.0,0.0,0.0,,2018,TE,338820,0.16
353,415,Larry Fitzgerald,35,ARI,16.0,16.0,0.0,0.0,0.0,0.0,,,,0.0,0.0,0.0,,2018,WR,16850000,9.42
354,416,Matt Flanagan,23,WAS,3.0,1.0,0.0,0.0,0.0,0.0,,,,0.0,0.0,0.0,,2018,TE,84705,0.05
355,417,Michael Floyd,29,WAS,13.0,3.0,0.0,0.0,0.0,0.0,,,,0.0,0.0,0.0,,2018,WR,555885,0.31
356,418,Isaiah Ford,22,MIA,1.0,0.0,0.0,0.0,0.0,0.0,,,,0.0,0.0,0.0,,2018,WR,141175,0.08
357,419,Robert Foster,24,BUF,13.0,3.0,0.0,0.0,0.0,0.0,,,,0.0,0.0,0.0,,2018,WR,225880,0.12
358,420,Bennie Fowler,27,NYG,10.0,5.0,0.0,0.0,0.0,0.0,,,,0.0,0.0,1.0,,2018,WR,456176,0.26
359,421,Jordan Franks,22,CIN,6.0,0.0,0.0,0.0,0.0,0.0,,,,0.0,0.0,0.0,,2018,TE,282350,0.15
360,423,Devin Funchess,24,CAR,14.0,12.0,0.0,0.0,0.0,0.0,,,,0.0,0.0,0.0,,2018,WR,1756649,0.97
361,424,Russell Gage,22,ATL,15.0,0.0,0.0,0.0,0.0,0.0,,,,0.0,0.0,0.0,,2018,WR,519048,0.29
362,425,Michael Gallup,22,DAL,16.0,8.0,0.0,0.0,0.0,0.0,,,,0.0,0.0,0.0,,2018,WR,702495,0.38
363,427,Antonio Gates,38,LAC,16.0,1.0,0.0,0.0,0.0,0.0,,,,0.0,0.0,1.0,,2018,TE,2500000,1.39
364,428,Rico Gathers,24,DAL,15.0,4.0,0.0,0.0,0.0,0.0,,,,0.0,0.0,0.0,,2018,TE,496666,0.27
365,429,Mike Gesicki,23,MIA,16.0,7.0,0.0,0.0,0.0,0.0,,,,0.0,0.0,1.0,,2018,TE,1202168,0.68
366,430,Shelton Gibson,24,PHI,15.0,0.0,0.0,0.0,0.0,0.0,,,,0.0,0.0,0.0,,2018,WR,619309,0.35
367,431,Chris Godwin,22,TAM,16.0,5.0,0.0,0.0,0.0,0.0,,,,0.0,0.0,4.0,,2018,WR,779541,0.41
368,432,Dallas Goedert,23,PHI,16.0,8.0,0.0,0.0,0.0,0.0,,,,0.0,0.0,0.0,,2018,TE,1022594,0.58
369,434,Jimmy Graham,32,GNB,16.0,12.0,0.0,0.0,0.0,0.0,,,,0.0,0.0,0.0,,2018,TE,5916666,3.27
370,435,Ryan Grant,28,IND,14.0,10.0,0.0,0.0,0.0,0.0,,,,0.0,0.0,0.0,,2018,WR,5000000,2.58
371,437,Virgil Green,30,LAC,16.0,16.0,0.0,0.0,0.0,0.0,,,,0.0,0.0,0.0,,2018,TE,1800000,1.0
372,438,Rashad Greene,26,JAX,8.0,1.0,0.0,0.0,0.0,0.0,,,,0.0,0.0,2.0,,2018,WR,456176,0.22
373,439,Jermaine Gresham,30,ARI,13.0,11.0,0.0,0.0,0.0,0.0,,,,0.0,0.0,1.0,,2018,TE,7218750,4.04
374,440,Ryan Griffin,28,HOU,14.0,11.0,0.0,0.0,0.0,0.0,,,,0.0,0.0,0.0,,2018,QB,1393750,0.72
376,441,Xavier Grimble,26,PIT,16.0,2.0,0.0,0.0,0.0,0.0,,,,0.0,0.0,1.0,,2018,TE,630000,0.35
377,443,Rob Gronkowski,29,NWE,13.0,11.0,0.0,0.0,0.0,0.0,,,,0.0,0.0,1.0,,2018,TE,10859375,6.03
378,445,Justin Hardee,24,NOR,16.0,0.0,0.0,0.0,0.0,0.0,,,,0.0,0.0,0.0,,2018,CB,555000,0.31
379,446,Justin Hardy,27,ATL,16.0,0.0,0.0,0.0,0.0,0.0,,,,0.0,0.0,1.0,,2018,WR,840206,0.47
380,447,Demetrius Harris,27,KAN,15.0,3.0,0.0,0.0,0.0,0.0,,,,0.0,0.0,0.0,,2018,TE,2097059,1.17
381,448,Keon Hatcher,24,OAK,3.0,0.0,0.0,0.0,0.0,0.0,,,,0.0,0.0,0.0,,2018,WR,169410,0.09
382,450,Chris Herndon,22,NYJ,16.0,12.0,0.0,0.0,0.0,0.0,,,,0.0,0.0,2.0,,2018,TE,647381,0.33
383,452,Ryan Hewitt,27,IND,12.0,2.0,0.0,0.0,0.0,0.0,,,,0.0,0.0,0.0,,2018,FB,952500,0.49
384,453,Tyler Higbee,25,LAR,16.0,16.0,0.0,0.0,0.0,0.0,,,,0.0,0.0,1.0,,2018,TE,775215,0.43
385,454,Rashard Higgins,24,CLE,13.0,1.0,0.0,0.0,0.0,0.0,,,,0.0,0.0,2.0,,2018,WR,630000,0.27
386,455,Josh Hill,28,NOR,16.0,11.0,0.0,0.0,0.0,0.0,,,,0.0,0.0,0.0,,2018,TE,3583334,2.02
387,456,Dontrell Hilliard,23,CLE,11.0,0.0,0.0,0.0,0.0,0.0,,,,0.0,0.0,0.0,,2018,RB,338820,0.14
388,457,T.Y. Hilton,29,IND,14.0,14.0,0.0,0.0,0.0,0.0,,,,0.0,0.0,0.0,,2018,WR,13000000,6.7
389,459,Chris Hogan,31,NWE,16.0,7.0,0.0,0.0,0.0,0.0,,,,0.0,0.0,0.0,,2018,WR,3500000,1.94
390,463,Austin Hooper,24,ATL,16.0,7.0,0.0,0.0,0.0,0.0,,,,0.0,0.0,0.0,PB,2018,TE,823357,0.46
391,465,Sam Hubbard,23,CIN,16.0,0.0,0.0,0.0,0.0,0.0,,,,0.0,0.0,0.0,,2018,DE,712300,0.38
393,469,Jesse James,24,PIT,16.0,7.0,0.0,0.0,0.0,0.0,,,,0.0,0.0,0.0,,2018,TE,1959228,1.08
394,470,Richie James,23,SFO,13.0,2.0,0.0,0.0,0.0,0.0,,,,0.0,0.0,2.0,,2018,WR,499142,0.21
395,471,Blake Jarwin,24,DAL,16.0,4.0,0.0,0.0,0.0,0.0,,,,0.0,0.0,0.0,,2018,TE,563866,0.3
396,472,Alshon Jeffery,28,PHI,13.0,13.0,0.0,0.0,0.0,0.0,,,,0.0,0.0,1.0,,2018,WR,3975000,2.24
397,473,Andy Jones,24,DET,8.0,3.0,0.0,0.0,0.0,0.0,,,,0.0,0.0,0.0,,2018,WR,228529,0.13
398,477,Jermaine Kearse,28,NYJ,14.0,9.0,0.0,0.0,0.0,0.0,,,,0.0,0.0,0.0,,2018,WR,5550000,2.85
399,478,Travis Kelce,29,KAN,16.0,16.0,0.0,0.0,0.0,0.0,,,,0.0,0.0,2.0,"PB,AP-1",2018,TE,10018400,5.57
400,479,Ryan Kelly,25,IND,12.0,12.0,0.0,0.0,0.0,0.0,,,,0.0,0.0,1.0,,2018,C,2850267,1.47
401,480,Marcus Kemp,23,KAN,16.0,0.0,0.0,0.0,0.0,0.0,,,,0.0,0.0,0.0,,2018,WR,480000,0.27
402,481,Lance Kendricks,30,GNB,16.0,3.0,0.0,0.0,0.0,0.0,,,,0.0,0.0,0.0,,2018,TE,2225000,1.23
403,483,Darvin Kidsy,23,WAS,2.0,0.0,0.0,0.0,0.0,0.0,,,,0.0,0.0,0.0,,2018,WR,56470,0.03
404,484,Keith Kirkwood,24,NOR,8.0,1.0,0.0,0.0,0.0,0.0,,,,0.0,0.0,0.0,,2018,WR,225880,0.13
405,486,Jake Kumerow,26,GNB,5.0,2.0,0.0,0.0,0.0,0.0,,,,0.0,0.0,0.0,,2018,WR,397399,0.22
406,487,Matt LaCosse,26,DEN,15.0,5.0,0.0,0.0,0.0,0.0,,,,0.0,0.0,0.0,,2018,TE,555000,0.3
407,488,Chris Lacy,22,DET,1.0,0.0,0.0,0.0,0.0,0.0,,,,0.0,0.0,0.0,,2018,WR,56470,0.03
408,490,Cody Latimer,26,NYG,6.0,2.0,0.0,0.0,0.0,0.0,,,,0.0,0.0,0.0,,2018,WR,2500000,1.41
409,491,Allen Lazard,23,GNB,1.0,0.0,0.0,0.0,0.0,0.0,,,,0.0,0.0,0.0,,2018,WR,56470,0.03
410,493,Jordan Leggett,23,NYJ,15.0,4.0,0.0,0.0,0.0,0.0,,,,0.0,0.0,0.0,,2018,TE,625511,0.32
411,494,Matt Lengel,28,CIN,11.0,2.0,0.0,0.0,0.0,0.0,,,,0.0,0.0,0.0,,2018,TE,444705,0.24
412,495,Marcedes Lewis,34,GNB,16.0,4.0,0.0,0.0,0.0,0.0,,,,0.0,0.0,0.0,,2018,TE,2100000,1.16
413,496,Josh Malone,22,CIN,9.0,0.0,0.0,0.0,0.0,0.0,,,,0.0,0.0,0.0,,2018,WR,703382,0.37
414,497,Chris Manhertz,26,CAR,16.0,4.0,0.0,0.0,0.0,0.0,,,,0.0,0.0,0.0,,2018,TE,630000,0.35
415,498,Brandon Marshall,34,SEA,7.0,2.0,0.0,0.0,0.0,0.0,,,,0.0,0.0,0.0,,2018,ILB,7000000,3.74
416,500,Jordan Matthews,26,PHI,14.0,3.0,0.0,0.0,0.0,0.0,,,,0.0,0.0,0.0,,2018,WR,697058,0.39
417,503,Vance McDonald,28,PIT,15.0,14.0,0.0,0.0,0.0,0.0,,,,0.0,0.0,2.0,,2018,TE,2370625,1.31
418,505,Donte Moncrief,25,JAX,16.0,14.0,0.0,0.0,0.0,0.0,,,,0.0,0.0,1.0,,2018,WR,9600000,4.68
419,506,J'Mon Moore,23,GNB,12.0,0.0,0.0,0.0,0.0,0.0,,,,0.0,0.0,1.0,,2018,WR,593089,0.33
420,507,David Morgan,25,MIN,11.0,6.0,0.0,0.0,0.0,0.0,,,,0.0,0.0,0.0,,2018,TE,663864,0.35
421,508,Johnny Mundt,24,LAR,10.0,0.0,0.0,0.0,0.0,0.0,,,,0.0,0.0,0.0,,2018,TE,480000,0.26
422,509,David Njoku,22,CLE,16.0,14.0,0.0,0.0,0.0,0.0,,,,0.0,0.0,0.0,,2018,TE,2164794,0.92
423,510,Nick O'Leary,26,MIA,12.0,7.0,0.0,0.0,0.0,0.0,,,,0.0,0.0,0.0,,2018,TE,805000,0.45
424,511,James O'Shaughnessy,26,JAX,14.0,9.0,0.0,0.0,0.0,0.0,,,,0.0,0.0,0.0,,2018,TE,714000,0.35
425,512,Jamize Olawale,29,DAL,16.0,4.0,0.0,0.0,0.0,0.0,,,,0.0,0.0,0.0,,2018,FB,1640000,0.89
426,514,Ricky Ortiz,24,ATL,12.0,9.0,0.0,0.0,0.0,0.0,,,,0.0,0.0,0.0,,2018,FB,480000,0.27
427,515,Brian Parker,26,DEN,13.0,1.0,0.0,0.0,0.0,0.0,,,,0.0,0.0,0.0,,2018,TE,457058,0.24
428,516,DeVante Parker,25,MIA,11.0,7.0,0.0,0.0,0.0,0.0,,,,0.0,0.0,0.0,,2018,WR,3460718,1.95
429,517,Logan Paulsen,31,ATL,15.0,10.0,0.0,0.0,0.0,0.0,,,,0.0,0.0,0.0,,2018,TE,720000,0.4
430,518,Charone Peake,26,NYJ,13.0,0.0,0.0,0.0,0.0,0.0,,,,0.0,0.0,0.0,,2018,WR,647095,0.33
431,521,John Phillips,31,ARI,8.0,4.0,0.0,0.0,0.0,0.0,,,,0.0,0.0,0.0,,2018,TE,333531,0.19
432,522,MyCole Pruitt,26,TEN,15.0,1.0,0.0,0.0,0.0,0.0,,,,0.0,0.0,0.0,,2018,TE,592941,0.29
433,523,Spencer Pulley,25,NYG,13.0,9.0,0.0,0.0,0.0,0.0,,,,0.0,0.0,0.0,,2018,C,630000,0.35
434,525,Damion Ratley,23,CLE,13.0,3.0,0.0,0.0,0.0,0.0,,,,0.0,0.0,0.0,,2018,WR,528466,0.22
435,528,Aldrick Robinson,30,MIN,14.0,0.0,0.0,0.0,0.0,0.0,,,,0.0,0.0,0.0,,2018,WR,697058,0.37
436,529,Demarcus Robinson,24,KAN,16.0,5.0,0.0,0.0,0.0,0.0,,,,0.0,0.0,0.0,,2018,WR,768293,0.43
437,530,Richard Rodgers,26,PHI,7.0,0.0,0.0,0.0,0.0,0.0,,,,0.0,0.0,0.0,,2018,TE,720000,0.41
438,531,Kyle Rudolph,29,MIN,16.0,16.0,0.0,0.0,0.0,0.0,,,,0.0,0.0,0.0,,2018,TE,7675000,4.02
439,532,Eric Saubert,24,ATL,16.0,1.0,0.0,0.0,0.0,0.0,,,,0.0,0.0,0.0,,2018,TE,611847,0.34
440,533,Dalton Schultz,22,DAL,11.0,7.0,0.0,0.0,0.0,0.0,,,,0.0,0.0,0.0,,2018,TE,593089,0.32
441,534,Ricky Seals-Jones,23,ARI,15.0,5.0,0.0,0.0,0.0,0.0,,,,0.0,0.0,0.0,,2018,TE,555000,0.31
442,536,Adam Shaheen,24,CHI,6.0,4.0,0.0,0.0,0.0,0.0,,,,0.0,0.0,0.0,,2018,TE,1343304,0.73
443,537,Russell Shepard,28,NYG,12.0,0.0,0.0,0.0,0.0,0.0,,,,0.0,0.0,0.0,,2018,WR,1250000,0.7
444,538,Trent Sherfield,22,ARI,13.0,2.0,0.0,0.0,0.0,0.0,,,,0.0,0.0,0.0,,2018,WR,483333,0.27
445,539,Sam Shields,31,LAR,16.0,2.0,0.0,0.0,0.0,0.0,,,,0.0,0.0,0.0,,2018,CB,1004999,0.55
446,540,Scott Simonson,26,NYG,16.0,4.0,0.0,0.0,0.0,0.0,,,,0.0,0.0,0.0,,2018,TE,705000,0.4
447,544,Lee Smith,31,OAK,16.0,4.0,0.0,0.0,0.0,0.0,,,,0.0,0.0,0.0,,2018,TE,3616666,1.96
448,545,Torrey Smith,29,CAR,11.0,6.0,0.0,0.0,0.0,0.0,,,,0.0,0.0,0.0,,2018,WR,5000000,2.75
449,547,Vyncint Smith,22,HOU,7.0,1.0,0.0,0.0,0.0,0.0,,,,0.0,0.0,0.0,,2018,WR,483333,0.26
450,548,Durham Smythe,23,MIA,15.0,2.0,0.0,0.0,0.0,0.0,,,,0.0,0.0,0.0,,2018,TE,638058,0.36
451,549,Bradley Sowell,29,CHI,16.0,1.0,0.0,0.0,0.0,0.0,,,,0.0,0.0,0.0,,2018,LT,1200000,0.65
452,550,Jeremy Sprinkle,24,WAS,16.0,9.0,0.0,0.0,0.0,0.0,,,,0.0,0.0,0.0,,2018,TE,624125,0.35
453,551,Joe Staley,34,SFO,16.0,16.0,0.0,0.0,0.0,0.0,,,,0.0,0.0,0.0,,2018,LT,10950000,4.69
454,553,Kenny Stills,26,MIA,15.0,15.0,0.0,0.0,0.0,0.0,,,,0.0,0.0,1.0,,2018,WR,9750000,5.5
455,557,Auden Tate,21,CIN,7.0,0.0,0.0,0.0,0.0,0.0,,,,0.0,0.0,0.0,,2018,WR,225880,0.12
456,558,Taywan Taylor,23,TEN,13.0,5.0,0.0,0.0,0.0,0.0,,,,0.0,0.0,1.0,,2018,WR,859003,0.41
457,559,Trent Taylor,24,SFO,14.0,0.0,0.0,0.0,0.0,0.0,,,,0.0,0.0,1.0,,2018,WR,605484,0.26
458,561,Ian Thomas,22,CAR,16.0,6.0,0.0,0.0,0.0,0.0,,,,0.0,0.0,0.0,,2018,TE,666998,0.37
459,562,Jordan Thomas,22,HOU,16.0,10.0,0.0,0.0,0.0,0.0,,,,0.0,0.0,0.0,,2018,TE,509602,0.27
460,563,Logan Thomas,27,BUF,12.0,3.0,0.0,0.0,0.0,0.0,,,,0.0,0.0,0.0,,2018,TE,630000,0.33
461,564,Michael Thomas,25,NOR,16.0,16.0,0.0,0.0,0.0,0.0,,,,0.0,0.0,2.0,"PB,AP-1",2018,WR,1396083,0.79
463,565,Deonte Thompson,29,2TM,13.0,6.0,0.0,0.0,0.0,0.0,,,,0.0,0.0,0.0,,2018,WR,325294,0.17
466,566,Levine Toilolo,27,DET,16.0,10.0,0.0,0.0,0.0,0.0,,,,0.0,0.0,0.0,,2018,TE,1500000,0.83
467,567,Jalen Tolliver,23,ARI,3.0,1.0,0.0,0.0,0.0,0.0,,,,0.0,0.0,0.0,,2018,WR,112940,0.06
468,570,Laquon Treadwell,23,MIN,15.0,7.0,0.0,0.0,0.0,0.0,,,,0.0,0.0,0.0,,2018,WR,2709539,1.42
469,571,Malik Turner,22,SEA,6.0,0.0,0.0,0.0,0.0,0.0,,,,0.0,0.0,0.0,,2018,WR,0,0.0
470,572,C.J. Uzomah,25,CIN,16.0,15.0,0.0,0.0,0.0,0.0,,,,0.0,0.0,0.0,,2018,TE,758192,0.4
471,574,Nick Vannett,25,SEA,15.0,9.0,0.0,0.0,0.0,0.0,,,,0.0,0.0,1.0,,2018,TE,816220,0.46
472,575,Alejandro Villanueva,30,PIT,16.0,16.0,0.0,0.0,0.0,0.0,,,,0.0,0.0,0.0,PB,2018,LT,4095000,2.26
473,578,Mike Wallace,32,PHI,2.0,2.0,0.0,0.0,0.0,0.0,,,,0.0,0.0,0.0,,2018,WR,4000000,2.25
474,579,James Washington,22,PIT,14.0,6.0,0.0,0.0,0.0,0.0,,,,0.0,0.0,0.0,,2018,WR,818426,0.45
475,581,Justin Watson,23,TAM,12.0,0.0,0.0,0.0,0.0,0.0,,,,0.0,0.0,0.0,,2018,WR,555434,0.29
476,582,Joe Webb,32,HOU,16.0,0.0,0.0,0.0,0.0,0.0,,,,0.0,0.0,0.0,,2018,QB,630000,0.34
477,583,Kevin White,26,CHI,9.0,0.0,0.0,0.0,0.0,0.0,,,,0.0,0.0,0.0,,2018,WR,5270060,2.85
478,586,Kyle Williams,35,BUF,16.0,16.0,0.0,0.0,0.0,0.0,,,,0.0,0.0,0.0,PB,2018,DT,5500000,2.91
479,587,Nick Williams,28,2TM,4.0,0.0,0.0,0.0,0.0,0.0,,,,0.0,0.0,0.0,,2018,DE,705000,0.38
482,590,Luke Willson,28,DET,14.0,8.0,0.0,0.0,0.0,0.0,,,,0.0,0.0,0.0,,2018,TE,2500000,1.38
483,591,Bobo Wilson,23,TAM,5.0,0.0,0.0,0.0,0.0,0.0,,,,0.0,0.0,0.0,,2018,WR,163235,0.08
484,592,Javon Wims,24,CHI,4.0,0.0,0.0,0.0,0.0,0.0,,,,0.0,0.0,0.0,,2018,WR,503978,0.27
0,1,Le'Veon Bell,25,PIT,15.0,15.0,321.0,1291.0,9.0,71.0,45.5,27.0,4.0,86.1,21.4,3.0,"PB,AP-1",2017,RB,12120000,7.18
1,2,LeSean McCoy,29,BUF,16.0,16.0,287.0,1138.0,6.0,57.0,42.2,48.0,4.0,71.1,17.9,3.0,PB,2017,RB,10375000,6.21
2,3,Melvin Gordon,24,LAC,16.0,16.0,284.0,1105.0,8.0,61.0,39.8,87.0,3.9,69.1,17.8,1.0,,2017,RB,2909938,1.72
3,4,Todd Gurley,23,LAR,15.0,15.0,279.0,1305.0,13.0,69.0,50.5,57.0,4.7,87.0,18.6,5.0,"PB,AP-1,AP MVP-2,AP OPoY-1,AP CPoY-6",2017,RB,3769959,2.33
4,5,Jordan Howard,23,CHI,16.0,16.0,276.0,1122.0,9.0,65.0,42.4,53.0,4.1,70.1,17.3,1.0,,2017,RB,602005,0.35
5,6,Kareem Hunt,22,KAN,16.0,16.0,272.0,1327.0,8.0,63.0,43.8,69.0,4.9,82.9,17.0,1.0,"PB,AP ORoY-2",2017,RB,658988,0.39
6,7,Leonard Fournette,22,JAX,13.0,13.0,268.0,1040.0,9.0,51.0,43.3,90.0,3.9,80.0,20.6,2.0,,2017,RB,4936516,2.4
7,8,Frank Gore,34,IND,16.0,16.0,261.0,961.0,3.0,49.0,42.9,21.0,3.7,60.1,16.3,3.0,,2017,RB,3500000,2.0
9,10,Ezekiel Elliott,22,DAL,10.0,10.0,242.0,983.0,7.0,57.0,54.1,30.0,4.1,98.3,24.2,1.0,,2017,RB,5671895,3.36
11,12,Lamar Miller,26,HOU,16.0,13.0,238.0,888.0,3.0,45.0,43.7,21.0,3.7,55.5,14.9,1.0,,2017,RB,6500000,3.77
12,13,Mark Ingram,28,NOR,16.0,12.0,230.0,1124.0,12.0,52.0,47.4,72.0,4.9,70.3,14.4,3.0,PB,2017,RB,5345000,3.28
13,14,Latavius Murray,27,MIN,16.0,11.0,216.0,842.0,8.0,43.0,43.1,46.0,3.9,52.6,13.5,1.0,,2017,RB,2956250,1.74
14,15,Alex Collins,23,BAL,15.0,12.0,212.0,973.0,6.0,53.0,50.5,50.0,4.6,64.9,14.1,4.0,,2017,RB,508235,0.31
15,16,Jay Ajayi,24,2TM,14.0,8.0,208.0,873.0,1.0,45.0,41.8,71.0,4.2,62.4,14.9,3.0,,2017,RB,325588,0.18
18,17,Marshawn Lynch,31,OAK,15.0,15.0,207.0,891.0,7.0,45.0,47.8,51.0,4.3,59.4,13.8,1.0,AP CPoY-6,2017,RB,2625000,1.51
19,18,Isaiah Crowell,24,CLE,16.0,16.0,206.0,853.0,2.0,39.0,40.3,59.0,4.1,53.3,12.9,1.0,,2017,RB,2746000,1.27
20,19,Jonathan Stewart,30,CAR,15.0,10.0,198.0,680.0,6.0,42.0,42.4,60.0,3.4,45.3,13.2,3.0,,2017,RB,6175000,3.43
21,20,Devonta Freeman,25,ATL,14.0,14.0,196.0,865.0,7.0,55.0,49.5,44.0,4.4,61.8,14.0,4.0,,2017,RB,4418106,2.66
22,21,DeMarco Murray,29,TEN,15.0,15.0,184.0,659.0,6.0,33.0,37.0,75.0,3.6,43.9,12.3,1.0,,2017,RB,6950000,3.65
23,22,Dion Lewis,27,NWE,16.0,8.0,180.0,896.0,6.0,49.0,54.4,44.0,5.0,56.0,11.3,0.0,,2017,RB,1487500,0.89
24,23,Joe Mixon,21,CIN,14.0,7.0,178.0,626.0,4.0,39.0,41.0,25.0,3.5,44.7,12.7,3.0,,2017,RB,990940,0.57
25,24,Bilal Powell,29,NYJ,15.0,10.0,178.0,772.0,5.0,32.0,33.7,75.0,4.3,51.5,11.9,1.0,,2017,RB,4633333,2.77
26,25,Derrick Henry,23,TEN,16.0,2.0,176.0,744.0,5.0,40.0,45.5,75.0,4.2,46.5,11.0,1.0,,2017,RB,1229074,0.64
27,26,Samaje Perine,22,WAS,16.0,8.0,175.0,603.0,1.0,23.0,41.1,30.0,3.4,37.7,10.9,2.0,,2017,RB,629945,0.36
28,27,LeGarrette Blount,31,PHI,16.0,11.0,173.0,766.0,2.0,33.0,39.3,68.0,4.4,47.9,10.8,1.0,,2017,RB,1250000,0.71
29,28,Orleans Darkwa,25,NYG,15.0,11.0,171.0,751.0,5.0,35.0,42.7,75.0,4.4,50.1,11.4,1.0,,2017,RB,1037500,0.62
31,30,Tevin Coleman,24,ATL,15.0,3.0,156.0,628.0,5.0,27.0,39.1,52.0,4.0,41.9,10.4,1.0,,2017,RB,866311,0.52
32,32,Javorius Allen,26,BAL,16.0,0.0,153.0,591.0,4.0,39.0,43.8,37.0,3.9,36.9,9.6,0.0,,2017,RB,733618,0.45
33,33,Jamaal Williams,22,GNB,16.0,7.0,153.0,556.0,4.0,32.0,48.4,25.0,3.6,34.8,9.6,0.0,,2017,RB,606498,0.35
34,34,Jerick McKinnon,25,MIN,16.0,1.0,150.0,570.0,3.0,24.0,40.0,58.0,3.8,35.6,9.4,3.0,,2017,RB,828750,0.49
35,35,Cam Newton,28,CAR,16.0,16.0,139.0,754.0,6.0,46.0,49.6,69.0,5.4,47.1,8.7,9.0,,2017,QB,20166666,11.21
36,36,Doug Martin,28,TAM,11.0,8.0,138.0,406.0,3.0,22.0,34.8,27.0,2.9,36.9,12.5,1.0,,2017,RB,5764705,3.34
37,37,Kenyan Drake,23,MIA,16.0,6.0,133.0,644.0,3.0,26.0,45.1,66.0,4.8,40.3,8.3,2.0,,2017,RB,800315,0.47
38,38,Alvin Kamara,22,NOR,16.0,3.0,120.0,728.0,8.0,42.0,50.8,74.0,6.1,45.5,7.5,1.0,"PB,AP-2,AP ORoY-1",2017,RB,708193,0.43
39,39,Kerwynn Williams,26,ARI,16.0,6.0,120.0,426.0,1.0,21.0,43.3,25.0,3.6,26.6,7.5,0.0,,2017,RB,690000,0.4
40,40,Christian McCaffrey,21,CAR,16.0,10.0,117.0,435.0,2.0,22.0,45.3,40.0,3.7,27.2,7.3,2.0,,2017,RB,3134782,1.74
41,41,Alfred Morris,29,DAL,14.0,5.0,115.0,547.0,1.0,25.0,50.4,70.0,4.8,39.1,8.2,0.0,,2017,RB,2137500,1.27
42,42,Chris Ivory,29,JAX,14.0,3.0,112.0,382.0,1.0,18.0,36.6,34.0,3.4,27.3,8.0,2.0,,2017,RB,6000000,2.91
43,43,Wayne Gallman,23,NYG,13.0,1.0,111.0,476.0,0.0,24.0,51.4,24.0,4.3,36.6,8.5,3.0,,2017,RB,569912,0.34
44,44,Peyton Barber,23,TAM,16.0,4.0,108.0,423.0,3.0,25.0,56.5,34.0,3.9,26.4,6.8,2.0,,2017,RB,540000,0.31
45,45,Giovani Bernard,26,CIN,16.0,2.0,105.0,458.0,2.0,21.0,41.9,25.0,4.4,28.6,6.6,0.0,,2017,RB,3675000,2.13
46,46,Matt Breida,22,SFO,16.0,0.0,105.0,465.0,2.0,23.0,45.7,33.0,4.4,29.1,6.6,1.0,,2017,RB,466666,0.23
47,47,Mike Gillislee,27,NWE,9.0,2.0,104.0,383.0,5.0,25.0,54.8,16.0,3.7,42.6,11.6,1.0,,2017,RB,3968750,2.37
48,49,Russell Wilson,29,SEA,16.0,16.0,95.0,586.0,3.0,36.0,50.5,31.0,6.2,36.6,5.9,14.0,PB,2017,QB,14626666,8.65
49,50,Marlon Mack,21,IND,14.0,0.0,93.0,358.0,3.0,20.0,40.9,35.0,3.8,25.6,6.6,1.0,,2017,RB,569912,0.33
50,51,Elijah McGuire,23,NYJ,16.0,2.0,88.0,315.0,1.0,14.0,30.7,69.0,3.6,19.7,5.5,2.0,,2017,RB,507126,0.3
51,52,Tarik Cohen,22,CHI,16.0,4.0,87.0,370.0,2.0,19.0,47.1,46.0,4.3,23.1,5.4,3.0,,2017,RB,623914,0.36
52,53,Theo Riddick,26,DET,16.0,5.0,84.0,286.0,3.0,12.0,39.3,21.0,3.4,17.9,5.3,1.0,,2017,RB,2400000,1.43
53,54,Tyrod Taylor,28,BUF,15.0,14.0,84.0,427.0,4.0,28.0,42.9,32.0,5.1,28.5,5.6,4.0,,2017,QB,9713334,5.82
54,55,Duke Johnson,24,CLE,16.0,0.0,82.0,348.0,4.0,27.0,53.7,19.0,4.2,21.8,5.1,4.0,,2017,RB,830023,0.38
55,56,Aaron Jones,23,GNB,12.0,4.0,81.0,448.0,4.0,23.0,53.1,46.0,5.5,37.3,6.8,0.0,,2017,RB,515484,0.29
56,57,Devontae Booker,25,DEN,13.0,0.0,79.0,299.0,1.0,13.0,48.1,26.0,3.8,23.0,6.1,2.0,,2017,RB,635848,0.38
57,59,DeShone Kizer,21,CLE,15.0,15.0,77.0,419.0,5.0,32.0,50.6,20.0,5.4,27.9,5.1,9.0,,2017,QB,899712,0.42
58,60,Corey Clement,23,PHI,16.0,0.0,74.0,321.0,4.0,19.0,48.6,28.0,4.3,20.1,4.6,0.0,,2017,RB,468333,0.27
59,62,Alfred Blue,26,HOU,11.0,0.0,71.0,262.0,1.0,10.0,45.1,48.0,3.7,23.8,6.5,0.0,,2017,RB,719483,0.42
60,64,Jamaal Charles,31,DEN,14.0,0.0,69.0,296.0,1.0,17.0,50.7,19.0,4.3,21.1,4.9,2.0,,2017,RB,1484375,0.88
61,65,Eddie Lacy,27,SEA,9.0,3.0,69.0,179.0,0.0,7.0,29.0,19.0,2.6,19.9,7.7,0.0,,2017,RB,3562500,2.11
62,66,Mike Davis,24,SEA,6.0,6.0,68.0,240.0,0.0,11.0,27.9,33.0,3.5,40.0,11.3,0.0,,2017,RB,253235,0.15
63,67,Mike Tolbert,32,BUF,12.0,0.0,66.0,247.0,1.0,9.0,36.4,25.0,3.7,20.6,5.5,2.0,,2017,FB,695000,0.42
64,68,Rex Burkhead,27,NWE,10.0,3.0,64.0,264.0,5.0,14.0,51.6,31.0,4.1,26.4,6.4,1.0,,2017,RB,3150000,1.88
65,69,Jacquizz Rodgers,27,TAM,16.0,4.0,64.0,244.0,1.0,11.0,40.6,36.0,3.8,15.3,4.0,0.0,,2017,RB,1700000,0.99
66,70,Chris Thompson,27,WAS,10.0,1.0,64.0,294.0,2.0,11.0,40.6,61.0,4.6,29.4,6.4,3.0,,2017,WR,382942,0.22
67,72,Jacoby Brissett,25,IND,16.0,15.0,63.0,260.0,4.0,15.0,33.3,25.0,4.1,16.3,3.9,8.0,,2017,QB,580038,0.33
68,73,Malcolm Brown,24,LAR,11.0,1.0,63.0,246.0,1.0,10.0,31.7,20.0,3.9,22.4,5.7,1.0,,2017,RB,540000,0.33
69,75,Marcus Mariota,24,TEN,15.0,15.0,60.0,312.0,5.0,23.0,55.0,34.0,5.2,20.8,4.0,2.0,,2017,QB,6603811,3.46
70,76,Alex Smith,33,KAN,15.0,15.0,60.0,355.0,1.0,20.0,53.3,70.0,5.9,23.7,4.0,1.0,PB,2017,QB,16900000,9.93
71,77,Tavon Austin,27,LAR,16.0,9.0,59.0,270.0,1.0,11.0,45.8,27.0,4.6,16.9,3.7,5.0,,2017,WR,14977116,9.25
72,78,Thomas Rawls,24,SEA,12.0,3.0,58.0,157.0,0.0,6.0,32.8,23.0,2.7,13.1,4.8,1.0,,2017,RB,620000,0.37
73,79,Blake Bortles,25,JAX,16.0,16.0,57.0,322.0,2.0,20.0,50.9,28.0,5.6,20.1,3.6,9.0,,2017,QB,6571985,3.19
74,80,Dak Prescott,24,DAL,16.0,16.0,57.0,357.0,6.0,29.0,63.2,21.0,6.3,22.3,3.6,4.0,,2017,QB,635848,0.38
75,81,DeAndre Washington,24,OAK,15.0,0.0,57.0,153.0,2.0,10.0,40.4,11.0,2.7,10.2,3.8,2.0,,2017,RB,607298,0.35
76,82,Jalen Richard,24,OAK,16.0,1.0,56.0,275.0,1.0,10.0,35.7,52.0,4.9,17.2,3.5,8.0,,2017,RB,540000,0.31
77,83,Rod Smith,25,DAL,15.0,1.0,55.0,232.0,4.0,16.0,56.4,45.0,4.2,15.5,3.7,0.0,,2017,RB,615000,0.36
78,85,Kirk Cousins,29,WAS,16.0,16.0,49.0,179.0,4.0,19.0,49.0,18.0,3.7,11.2,3.1,13.0,,2017,QB,23943600,13.56
79,86,T.J. Yeldon,24,JAX,10.0,0.0,49.0,253.0,2.0,7.0,42.9,58.0,5.2,25.3,4.9,2.0,,2017,RB,1612848,0.78
80,87,Austin Ekeler,22,LAC,16.0,0.0,47.0,260.0,2.0,13.0,55.3,35.0,5.5,16.3,2.9,2.0,,2017,RB,466666,0.28
81,88,Wendell Smallwood,23,PHI,8.0,3.0,47.0,174.0,1.0,10.0,31.9,26.0,3.7,21.8,5.9,0.0,,2017,RB,601144,0.34
82,89,J.D. McKissic,24,SEA,13.0,1.0,46.0,187.0,1.0,7.0,52.2,30.0,4.1,14.4,3.5,0.0,,2017,RB,540000,0.32
83,90,Damien Williams,25,MIA,11.0,4.0,46.0,181.0,0.0,7.0,28.3,69.0,3.9,16.5,4.2,0.0,,2017,RB,1797000,1.04
84,92,Shane Vereen,28,NYG,16.0,0.0,45.0,164.0,0.0,3.0,42.2,17.0,3.6,10.3,2.8,0.0,,2017,RB,3916668,2.34
85,93,James White,25,NWE,14.0,4.0,43.0,171.0,0.0,6.0,48.8,10.0,4.0,12.2,3.1,0.0,,2017,RB,1789272,1.07
86,94,Tion Green,24,DET,5.0,0.0,42.0,165.0,2.0,9.0,42.9,33.0,3.9,33.0,8.4,0.0,,2017,RB,466666,0.28
87,95,Paul Perkins,23,NYG,11.0,4.0,41.0,90.0,0.0,3.0,19.5,14.0,2.2,8.2,3.7,0.0,,2017,RB,603137,0.36
88,96,Mitchell Trubisky,23,CHI,12.0,12.0,41.0,248.0,2.0,14.0,39.0,46.0,6.0,20.7,3.4,10.0,,2017,QB,5278622,3.03
89,97,Case Keenum,29,MIN,15.0,14.0,40.0,160.0,1.0,13.0,42.5,22.0,4.0,10.7,2.7,1.0,AP CPoY-2,2017,QB,1906250,1.12
90,98,Terrance West,26,BAL,5.0,4.0,39.0,138.0,2.0,12.0,51.3,13.0,3.5,27.6,7.8,1.0,,2017,RB,1797000,1.1
91,99,Andy Dalton,30,CIN,16.0,16.0,38.0,99.0,0.0,10.0,26.3,25.0,2.6,6.2,2.4,4.0,,2017,QB,15700000,9.08
92,102,Brett Hundley,24,GNB,11.0,9.0,36.0,270.0,2.0,21.0,66.7,24.0,7.5,24.5,3.3,4.0,,2017,QB,670908,0.38
93,104,Branden Oliver,26,LAC,8.0,0.0,35.0,83.0,0.0,6.0,31.4,26.0,2.4,10.4,4.4,0.0,,2017,RB,800000,0.47
94,105,Drew Brees,38,NOR,16.0,16.0,33.0,12.0,2.0,7.0,30.3,7.0,0.4,0.8,2.1,5.0,PB,2017,QB,19000000,11.65
95,106,Jameis Winston,23,TAM,13.0,13.0,33.0,135.0,1.0,8.0,45.5,17.0,4.1,10.4,2.5,15.0,,2017,QB,6913985,4.01
96,108,Matt Ryan,32,ATL,16.0,16.0,32.0,143.0,0.0,11.0,50.0,16.0,4.5,8.9,2.0,4.0,,2017,QB,23750000,14.28
97,109,Elijhaa Penny,24,ARI,16.0,0.0,31.0,124.0,2.0,7.0,61.3,14.0,4.0,7.8,1.9,0.0,,2017,RB,465000,0.27
98,111,Corey Grant,26,JAX,16.0,0.0,30.0,248.0,2.0,10.0,60.0,58.0,8.3,15.5,1.9,1.0,,2017,RB,616668,0.3
99,112,Terron Ward,25,ATL,14.0,0.0,30.0,129.0,0.0,7.0,40.0,17.0,4.3,9.2,2.1,1.0,,2017,RB,615000,0.37
100,113,Matthew Stafford,29,DET,16.0,16.0,29.0,98.0,0.0,9.0,34.5,15.0,3.4,6.1,1.8,12.0,,2017,QB,16500000,9.8
101,114,Jared Goff,23,LAR,15.0,15.0,28.0,51.0,1.0,3.0,25.0,22.0,1.8,3.4,1.9,8.0,PB,2017,QB,6349471,3.92
102,115,Ben Roethlisberger,35,PIT,15.0,15.0,28.0,47.0,0.0,7.0,21.4,14.0,1.7,3.1,1.9,3.0,PB,2017,QB,18200000,10.78
103,116,C.J. Beathard,24,SFO,7.0,5.0,26.0,136.0,3.0,11.0,65.4,16.0,5.2,19.4,3.7,3.0,,2017,QB,641572,0.31
104,117,Stevan Ridley,28,PIT,2.0,1.0,26.0,108.0,1.0,6.0,38.5,21.0,4.2,54.0,13.0,0.0,,2017,RB,72353,0.04
105,118,Tom Brady,40,NWE,16.0,16.0,25.0,28.0,0.0,8.0,32.0,7.0,1.1,1.8,1.6,7.0,"PB,AP-1,AP MVP-1,AP OPoY-3",2017,QB,14000000,8.36
106,119,Joe Flacco,32,BAL,16.0,16.0,25.0,54.0,1.0,4.0,20.0,25.0,2.2,3.4,1.6,6.0,,2017,QB,24550000,15.02
107,121,Derek Carr,26,OAK,15.0,15.0,23.0,66.0,0.0,5.0,26.1,32.0,2.9,4.4,1.5,8.0,PB,2017,QB,15731691,9.03
108,124,Blaine Gabbert,28,ARI,5.0,5.0,22.0,82.0,0.0,7.0,45.5,12.0,3.7,16.4,4.4,7.0,,2017,QB,895000,0.52
110,126,Charles Sims,27,TAM,16.0,0.0,21.0,95.0,0.0,6.0,33.3,21.0,4.5,5.9,1.3,1.0,,2017,RB,950023,0.55
111,127,Dwayne Washington,23,DET,5.0,0.0,20.0,44.0,0.0,1.0,35.0,6.0,2.2,8.8,4.0,0.0,,2017,RB,558941,0.33
112,128,Andre Ellington,28,2TM,12.0,2.0,20.0,55.0,1.0,3.0,40.0,14.0,2.8,4.6,1.7,0.0,,2017,RB,273529,0.16
115,129,Jay Cutler,34,MIA,14.0,14.0,19.0,32.0,0.0,3.0,31.6,9.0,1.7,2.3,1.4,6.0,,2017,QB,10000000,5.81
116,130,Cameron Artis-Payne,27,CAR,13.0,0.0,18.0,95.0,1.0,5.0,38.9,43.0,5.3,7.3,1.4,0.0,,2017,RB,656563,0.36
117,131,Philip Rivers,36,LAC,16.0,16.0,18.0,-2.0,0.0,1.0,11.1,8.0,-0.1,-0.1,1.1,8.0,PB,2017,QB,18000000,10.61
118,132,Charcandrick West,26,KAN,13.0,0.0,18.0,72.0,2.0,4.0,27.8,21.0,4.0,5.5,1.4,1.0,,2017,RB,1152083,0.68
119,133,Tyreek Hill,23,KAN,15.0,13.0,17.0,59.0,0.0,3.0,35.3,16.0,3.5,3.9,1.1,2.0,PB,2017,WR,586260,0.34
120,134,Kenjon Barner,28,PHI,13.0,1.0,16.0,57.0,1.0,3.0,31.3,18.0,3.6,4.4,1.2,3.0,,2017,RB,568235,0.32
121,135,Ryan Fitzpatrick,35,TAM,6.0,3.0,15.0,78.0,0.0,5.0,46.7,15.0,5.2,13.0,2.5,0.0,,2017,QB,3675000,2.13
122,136,Jimmy Garoppolo,26,SFO,6.0,5.0,15.0,11.0,1.0,4.0,26.7,8.0,0.7,1.8,2.5,1.0,,2017,QB,434158,0.21
123,138,Brock Osweiler,27,DEN,6.0,4.0,14.0,64.0,1.0,3.0,35.7,18.0,4.6,10.7,2.3,2.0,,2017,QB,775000,0.46
124,140,Anthony Sherman,29,KAN,16.0,3.0,14.0,40.0,1.0,5.0,42.9,9.0,2.9,2.5,0.9,0.0,,2017,FB,1750000,1.03
125,141,Danny Woodhead,32,BAL,8.0,0.0,14.0,56.0,0.0,2.0,28.6,10.0,4.0,7.0,1.8,0.0,,2017,RB,1750000,1.07
126,142,Zach Zenner,26,DET,8.0,0.0,14.0,26.0,1.0,3.0,21.4,14.0,1.9,3.3,1.8,0.0,,2017,RB,616668,0.37
127,143,Travis Benjamin,28,LAC,16.0,3.0,13.0,96.0,0.0,7.0,69.2,22.0,7.4,6.0,0.8,2.0,,2017,WR,6500000,3.83
128,144,Brandon Bolden,27,NWE,16.0,0.0,13.0,67.0,0.0,3.0,46.2,20.0,5.2,4.2,0.8,0.0,,2017,RB,615000,0.37
129,145,Cordarrelle Patterson,26,OAK,16.0,2.0,13.0,121.0,2.0,3.0,46.2,47.0,9.3,7.6,0.8,3.0,,2017,WR,5600000,3.21
130,146,Eli Manning,36,NYG,15.0,15.0,12.0,26.0,1.0,2.0,16.7,14.0,2.2,1.7,0.8,11.0,,2017,QB,19700000,11.75
131,147,Lance Dunbar,27,LAR,4.0,0.0,11.0,51.0,1.0,4.0,54.5,12.0,4.6,12.8,2.8,0.0,,2017,RB,1476556,0.91
132,148,Nick Foles,28,PHI,7.0,3.0,11.0,3.0,0.0,1.0,18.2,9.0,0.3,0.4,1.6,6.0,,2017,QB,1600000,0.91
133,149,Brian Hill,22,CIN,6.0,0.0,11.0,37.0,0.0,2.0,45.5,11.0,3.4,6.2,1.8,0.0,,2017,RB,191471,0.11
134,152,Ted Ginn Jr.,32,NOR,15.0,10.0,10.0,39.0,0.0,3.0,50.0,15.0,3.9,2.6,0.7,2.0,,2017,WR,3000000,1.84
135,153,Kevin Hogan,25,CLE,4.0,1.0,10.0,71.0,0.0,4.0,70.0,11.0,7.1,17.8,2.5,1.0,,2017,QB,540000,0.25
136,154,Tyler Lockett,25,SEA,16.0,8.0,10.0,58.0,0.0,5.0,60.0,22.0,5.8,3.6,0.6,0.0,AP-2,2017,WR,891687,0.53
137,155,Randall Cobb,27,GNB,15.0,14.0,9.0,17.0,0.0,1.0,33.3,10.0,1.9,1.1,0.6,1.0,,2017,WR,12656250,7.23
138,156,Brandin Cooks,24,NWE,16.0,15.0,9.0,40.0,0.0,2.0,55.6,13.0,4.4,2.5,0.6,0.0,,2017,WR,1563198,0.93
139,157,Benny Cunningham,27,CHI,14.0,0.0,9.0,29.0,0.0,1.0,22.2,12.0,3.2,2.1,0.6,1.0,,2017,RB,695000,0.4
140,158,Trey Edmunds,23,NOR,16.0,0.0,9.0,48.0,1.0,1.0,22.2,41.0,5.3,3.0,0.6,0.0,,2017,RB,465000,0.29
141,159,Sean Mannion,25,LAR,5.0,1.0,9.0,-2.0,0.0,3.0,33.3,3.0,-0.2,-0.4,1.8,2.0,,2017,QB,886486,0.55
142,161,Jamize Olawale,28,OAK,12.0,0.0,9.0,43.0,1.0,5.0,77.8,11.0,4.8,3.6,0.8,1.0,,2017,FB,1790000,1.03
143,162,Drew Stanton,33,ARI,5.0,4.0,9.0,7.0,0.0,2.0,22.2,5.0,0.8,1.4,1.8,3.0,,2017,QB,4050000,2.36
144,164,Brian Hoyer,32,2TM,11.0,6.0,9.0,4.0,1.0,2.0,22.2,9.0,0.4,0.4,0.8,3.0,,2017,QB,476470,0.28
147,165,Mack Brown,26,WAS,3.0,0.0,8.0,29.0,0.0,1.0,37.5,11.0,3.6,9.7,2.7,0.0,,2017,RB,285880,0.17
148,166,Stefon Diggs,24,MIN,14.0,14.0,8.0,13.0,0.0,1.0,37.5,9.0,1.6,0.9,0.6,0.0,,2017,WR,671928,0.4
149,167,Taylor Gabriel,26,ATL,16.0,4.0,8.0,49.0,0.0,4.0,75.0,15.0,6.1,3.1,0.5,0.0,,2017,WR,2746000,1.65
150,169,Landry Jones,28,PIT,3.0,1.0,8.0,-10.0,0.0,0.0,0.0,,-1.3,-3.3,2.7,1.0,,2017,QB,2200000,1.3
151,170,Senorise Perry,26,MIA,16.0,0.0,8.0,30.0,0.0,2.0,50.0,12.0,3.8,1.9,0.5,0.0,,2017,RB,540000,0.31
152,171,Taywan Taylor,22,TEN,16.0,4.0,8.0,43.0,0.0,1.0,75.0,17.0,5.4,2.7,0.5,0.0,,2017,WR,694003,0.36
153,172,Joe Webb,31,BUF,16.0,0.0,8.0,54.0,0.0,4.0,50.0,22.0,6.8,3.4,0.5,0.0,,2017,QB,615000,0.37
154,173,Jamison Crowder,24,WAS,15.0,6.0,7.0,34.0,0.0,1.0,57.1,11.0,4.9,2.3,0.5,6.0,,2017,WR,751406,0.43
155,174,C.J. Ham,24,MIN,16.0,1.0,7.0,13.0,1.0,5.0,71.4,3.0,1.9,0.8,0.4,0.0,,2017,RB,465000,0.27
156,175,De'Angelo Henderson,25,DEN,5.0,0.0,7.0,13.0,0.0,2.0,28.6,5.0,1.9,2.6,1.4,0.0,,2017,RB,501288,0.3
157,176,Kyle Juszczyk,26,SFO,14.0,10.0,7.0,31.0,0.0,4.0,57.1,12.0,4.4,2.2,0.5,2.0,PB,2017,FB,3750000,1.83
158,177,Zach Line,27,NOR,12.0,4.0,7.0,28.0,0.0,5.0,100.0,9.0,4.0,2.3,0.6,0.0,,2017,FB,470294,0.29
159,178,Patrick Mahomes,22,KAN,1.0,1.0,7.0,10.0,0.0,0.0,14.3,5.0,1.4,10.0,7.0,0.0,,2017,QB,2986506,1.76
160,179,Marcus Murphy,26,BUF,1.0,0.0,7.0,41.0,0.0,2.0,42.9,25.0,5.9,41.0,7.0,0.0,,2017,RB,36176,0.02
161,180,Nathan Peterman,23,BUF,4.0,2.0,7.0,23.0,0.0,1.0,42.9,9.0,3.3,5.8,1.8,2.0,,2017,QB,524874,0.31
162,181,Bryce Petty,26,NYJ,4.0,3.0,7.0,55.0,0.0,4.0,71.4,24.0,7.9,13.8,1.8,1.0,,2017,QB,753424,0.45
163,182,ArDarius Stewart,24,NYJ,15.0,2.0,7.0,27.0,0.0,2.0,57.1,11.0,3.9,1.8,0.5,0.0,,2017,WR,676581,0.4
164,183,Fozzy Whittaker,28,CAR,12.0,0.0,7.0,18.0,0.0,2.0,57.1,8.0,2.6,1.5,0.6,0.0,,2017,RB,1350000,0.75
165,184,Martavis Bryant,26,PIT,15.0,8.0,6.0,22.0,0.0,0.0,50.0,13.0,3.7,1.5,0.4,0.0,,2017,WR,724805,0.43
166,185,D.J. Foster,24,ARI,7.0,0.0,6.0,19.0,0.0,0.0,16.7,5.0,3.2,2.7,0.9,0.0,,2017,WR,508235,0.3
167,186,Andy Janovich,24,DEN,16.0,4.0,6.0,12.0,1.0,3.0,66.7,4.0,2.0,0.8,0.4,0.0,,2017,FB,581077,0.35
168,189,Derek Watt,25,LAC,16.0,4.0,6.0,24.0,0.0,2.0,33.3,17.0,4.0,1.5,0.4,0.0,,2017,FB,572420,0.34
169,190,Tommy Bohanon,27,JAX,16.0,10.0,5.0,5.0,2.0,2.0,40.0,3.0,1.0,0.3,0.3,0.0,,2017,FB,690000,0.34
170,191,Michael Campanaro,26,BAL,13.0,0.0,5.0,42.0,0.0,2.0,80.0,19.0,8.4,3.2,0.4,4.0,,2017,WR,1012500,0.62
171,192,Kellen Clemens,34,LAC,8.0,0.0,5.0,-5.0,0.0,0.0,0.0,-1.0,-1.0,-0.6,0.6,0.0,,2017,QB,1000000,0.59
172,194,Alex Erickson,25,CIN,16.0,0.0,5.0,16.0,0.0,1.0,40.0,14.0,3.2,1.0,0.3,7.0,,2017,WR,543000,0.31
173,195,MarQueis Gray,28,MIA,16.0,0.0,5.0,14.0,0.0,3.0,80.0,5.0,2.8,0.9,0.3,0.0,,2017,TE,925000,0.54
174,196,Chad Henne,32,JAX,2.0,0.0,5.0,-5.0,0.0,0.0,0.0,-1.0,-1.0,-2.5,2.5,0.0,,2017,QB,3500000,1.7
175,197,Adoree' Jackson,22,TEN,16.0,16.0,5.0,55.0,0.0,3.0,80.0,20.0,11.0,3.4,0.3,1.0,,2017,CB,2051415,1.08
176,198,Matt Jones,24,IND,5.0,0.0,5.0,14.0,0.0,1.0,40.0,5.0,2.8,2.8,1.0,0.0,,2017,RB,144705,0.08
177,199,Paxton Lynch,23,DEN,2.0,2.0,5.0,30.0,0.0,2.0,60.0,11.0,6.0,15.0,2.5,2.0,,2017,QB,2153704,1.28
178,200,Aaron Ripkowski,25,GNB,16.0,2.0,5.0,13.0,0.0,0.0,0.0,4.0,2.6,0.8,0.3,0.0,,2017,FB,641599,0.37
180,203,T.J. Yates,30,HOU,4.0,3.0,5.0,51.0,0.0,4.0,80.0,15.0,10.2,12.8,1.3,5.0,,2017,QB,410294,0.24
181,204,Michael Burton,25,CHI,16.0,3.0,4.0,9.0,0.0,2.0,50.0,7.0,2.3,0.6,0.3,0.0,,2017,FB,615000,0.35
182,206,David Fales,27,MIA,2.0,0.0,4.0,8.0,1.0,1.0,25.0,3.0,2.0,4.0,2.0,0.0,,2017,QB,405880,0.24
183,207,David Fluellen,25,TEN,16.0,0.0,4.0,21.0,0.0,1.0,75.0,10.0,5.3,1.3,0.3,0.0,,2017,RB,540000,0.28
184,208,Mike Glennon,28,CHI,4.0,4.0,4.0,4.0,0.0,0.0,0.0,2.0,1.0,1.0,1.0,5.0,,2017,QB,14000000,8.03
185,209,Marquise Goodwin,27,SFO,16.0,16.0,4.0,44.0,0.0,3.0,100.0,18.0,11.0,2.8,0.3,0.0,,2017,WR,3250000,1.59
186,210,Ryan Mallett,29,BAL,2.0,0.0,4.0,-3.0,0.0,1.0,0.0,,-0.8,-1.5,2.0,1.0,,2017,QB,2000000,1.22
187,211,Devante Mays,23,GNB,8.0,0.0,4.0,1.0,0.0,0.0,0.0,2.0,0.3,0.1,0.5,2.0,,2017,RB,483759,0.28
188,213,Mohamed Sanu,28,ATL,15.0,15.0,4.0,10.0,0.0,3.0,75.0,4.0,2.5,0.7,0.3,0.0,,2017,WR,7400000,4.45
189,215,Sterling Shepard,24,NYG,11.0,10.0,4.0,4.0,0.0,1.0,50.0,12.0,1.0,0.4,0.4,1.0,,2017,WR,1351039,0.81
190,216,Geno Smith,27,NYG,2.0,1.0,4.0,12.0,0.0,2.0,50.0,10.0,3.0,6.0,2.0,2.0,,2017,QB,1087500,0.65
191,217,Ryan Switzer,23,DAL,16.0,0.0,4.0,5.0,0.0,0.0,0.0,3.0,1.3,0.3,0.3,1.0,,2017,WR,606496,0.36
192,218,Teddy Bridgewater,25,MIN,1.0,0.0,3.0,-3.0,0.0,0.0,0.0,-1.0,-1.0,-3.0,3.0,0.0,,2017,QB,2179387,1.28
193,220,Chase Daniel,31,NOR,1.0,0.0,3.0,-2.0,0.0,0.0,0.0,,-0.7,-2.0,3.0,0.0,,2017,QB,900000,0.55
194,223,Jakeem Grant,25,MIA,16.0,0.0,3.0,12.0,0.0,0.0,33.3,7.0,4.0,0.8,0.2,2.0,,2017,WR,575095,0.33
195,224,Chris Hogan,30,NWE,9.0,7.0,3.0,17.0,0.0,1.0,66.7,13.0,5.7,1.9,0.3,0.0,,2017,WR,2968750,1.77
196,225,DeSean Jackson,31,TAM,14.0,13.0,3.0,38.0,0.0,1.0,100.0,23.0,12.7,2.7,0.2,0.0,,2017,WR,12500000,7.24
197,226,Matt Moore,33,MIA,4.0,2.0,3.0,9.0,0.0,1.0,66.7,7.0,3.0,2.3,0.8,0.0,,2017,QB,2150000,1.25
198,228,Roosevelt Nix,25,PIT,16.0,4.0,3.0,0.0,1.0,1.0,33.3,,0.0,0.0,0.2,0.0,PB,2017,FB,615000,0.36
199,230,Chester Rogers,23,IND,11.0,4.0,3.0,8.0,0.0,0.0,33.3,7.0,2.7,0.7,0.3,0.0,,2017,WR,540000,0.31
200,231,Albert Wilson,25,KAN,13.0,7.0,3.0,6.0,0.0,1.0,66.7,6.0,2.0,0.5,0.2,0.0,,2017,WR,1797000,1.06
201,232,Bobo Wilson,22,TAM,3.0,1.0,3.0,8.0,0.0,0.0,66.7,8.0,2.7,2.7,1.0,0.0,,2017,WR,136765,0.08
202,233,Kaelin Clay,25,2TM,13.0,2.0,3.0,27.0,0.0,1.0,33.3,29.0,9.0,2.1,0.2,3.0,,2017,WR,317650,0.18
205,234,Jamal Agnew,22,DET,13.0,0.0,2.0,9.0,0.0,1.0,100.0,5.0,4.5,0.7,0.2,3.0,AP-1,2017,CB,529591,0.31
206,235,Keenan Allen,25,LAC,16.0,15.0,2.0,9.0,0.0,0.0,50.0,6.0,4.5,0.6,0.1,1.0,"PB,AP CPoY-1",2017,WR,8650000,5.1
207,236,Derek Anderson,34,CAR,3.0,0.0,2.0,-2.0,0.0,0.0,0.0,-1.0,-1.0,-0.7,0.7,0.0,,2017,QB,2243750,1.25
208,237,Doug Baldwin,29,SEA,16.0,16.0,2.0,-8.0,0.0,0.0,0.0,-3.0,-4.0,-0.5,0.1,0.0,PB,2017,WR,4418750,2.61
209,239,Derrick Coleman,27,ATL,16.0,7.0,2.0,8.0,0.0,0.0,0.0,5.0,4.0,0.5,0.1,0.0,,2017,FB,690000,0.41
210,240,Trevor Davis,24,GNB,16.0,0.0,2.0,13.0,0.0,0.0,100.0,9.0,6.5,0.8,0.1,0.0,,2017,WR,596794,0.34
211,241,Patrick DiMarco,28,BUF,16.0,9.0,2.0,-2.0,0.0,0.0,0.0,,-1.0,-0.1,0.1,0.0,,2017,FB,1850000,1.11
212,243,Will Fuller,23,HOU,10.0,10.0,2.0,9.0,0.0,0.0,100.0,5.0,4.5,0.9,0.2,0.0,,2017,WR,2310071,1.34
213,244,Darrius Heyward-Bey,30,PIT,16.0,0.0,2.0,32.0,1.0,1.0,50.0,29.0,16.0,2.0,0.1,0.0,,2017,WR,1333333,0.79
214,245,Travis Kelce,28,KAN,15.0,15.0,2.0,7.0,0.0,2.0,100.0,4.0,3.5,0.5,0.1,0.0,"PB,AP-2",2017,TE,5418400,3.18
215,246,Marquette King,29,OAK,16.0,0.0,2.0,-14.0,0.0,0.0,0.0,-3.0,-7.0,-0.9,0.1,0.0,,2017,P,2550000,1.46
216,248,Tommylee Lewis,25,NOR,15.0,0.0,2.0,14.0,0.0,0.0,100.0,8.0,7.0,0.9,0.1,1.0,,2017,WR,541666,0.33
217,249,Josh Malone,21,CIN,11.0,7.0,2.0,2.0,0.0,0.0,50.0,4.0,1.0,0.2,0.2,0.0,,2017,WR,614810,0.36
218,251,Vince Mayle,26,BAL,16.0,0.0,2.0,2.0,1.0,1.0,50.0,2.0,1.0,0.1,0.1,0.0,,2017,WR,540000,0.33
219,252,Chris Moore,24,BAL,13.0,4.0,2.0,-9.0,0.0,0.0,0.0,-4.0,-4.5,-0.7,0.2,0.0,,2017,WR,689090,0.42
220,253,Niles Paul,28,WAS,14.0,8.0,2.0,4.0,0.0,1.0,50.0,5.0,2.0,0.3,0.1,0.0,,2017,TE,2208334,1.25
221,254,Cooper Rush,24,DAL,2.0,0.0,2.0,13.0,0.0,1.0,50.0,15.0,6.5,6.5,1.0,0.0,,2017,QB,466666,0.28
222,255,Russell Shepard,27,CAR,15.0,3.0,2.0,19.0,0.0,1.0,100.0,11.0,9.5,1.3,0.1,1.0,,2017,WR,2300000,1.28
223,256,C.J. Spiller,30,KAN,1.0,0.0,2.0,0.0,0.0,0.0,0.0,,0.0,0.0,2.0,0.0,,2017,RB,0,0.0
224,257,Lawrence Thomas,24,NYJ,14.0,4.0,2.0,1.0,0.0,0.0,0.0,1.0,0.5,0.1,0.1,0.0,,2017,DE,437647,0.26
225,258,Deonte Thompson,28,2TM,16.0,10.0,2.0,-5.0,0.0,0.0,0.0,,-2.5,-0.3,0.1,1.0,,2017,WR,397471,0.24
228,259,Scott Tolzien,30,IND,1.0,1.0,2.0,2.0,0.0,0.0,0.0,3.0,1.0,2.0,2.0,1.0,,2017,QB,2000000,1.15
229,260,Delanie Walker,33,TEN,16.0,11.0,2.0,-2.0,1.0,1.0,50.0,1.0,-1.0,-0.1,0.1,2.0,PB,2017,TE,5317708,2.79
230,261,Chad Williams,23,ARI,6.0,1.0,2.0,33.0,0.0,1.0,50.0,33.0,16.5,5.5,0.3,0.0,,2017,WR,641572,0.37
231,262,Maxx Williams,23,BAL,11.0,8.0,2.0,6.0,0.0,2.0,100.0,4.0,3.0,0.5,0.2,1.0,,2017,TE,1105292,0.68
232,263,Terrance Williams,28,DAL,16.0,14.0,2.0,15.0,0.0,1.0,100.0,9.0,7.5,0.9,0.1,0.0,,2017,WR,2250000,1.33
233,264,Robert Woods,25,LAR,12.0,11.0,2.0,12.0,0.0,0.0,50.0,8.0,6.0,1.0,0.2,1.0,,2017,WR,7000000,4.32
234,265,Nelson Agholor,24,PHI,16.0,10.0,1.0,7.0,0.0,1.0,100.0,7.0,7.0,0.4,0.1,0.0,,2017,WR,2557466,1.45
235,267,Josh Bellamy,28,CHI,15.0,7.0,1.0,6.0,0.0,0.0,100.0,6.0,6.0,0.4,0.1,0.0,,2017,WR,615000,0.35
236,268,Nat Berhe,26,NYG,15.0,0.0,1.0,2.0,0.0,1.0,100.0,2.0,2.0,0.1,0.1,0.0,,2017,SS,738200,0.44
237,270,Tyler Bray,26,KAN,1.0,0.0,1.0,0.0,0.0,0.0,0.0,,0.0,0.0,1.0,1.0,,2017,QB,1318750,0.78
238,271,John Brown,27,ARI,10.0,5.0,1.0,10.0,0.0,1.0,100.0,10.0,10.0,1.0,0.1,0.0,,2017,WR,1932725,1.12
239,272,Dez Bryant,29,DAL,16.0,16.0,1.0,-4.0,0.0,0.0,0.0,-4.0,-4.0,-0.3,0.1,1.0,,2017,WR,17000000,10.06
241,275,Pharoh Cooper,22,LAR,16.0,1.0,1.0,6.0,0.0,1.0,100.0,6.0,6.0,0.4,0.1,3.0,"PB,AP-1",2017,WR,678666,0.42
242,276,Austin Davis,28,SEA,3.0,0.0,1.0,-1.0,0.0,0.0,0.0,-1.0,-1.0,-0.3,0.3,0.0,,2017,QB,695000,0.41
243,277,Justin Davis,22,LAR,4.0,0.0,1.0,1.0,0.0,0.0,0.0,1.0,1.0,0.3,0.3,0.0,,2017,RB,470000,0.29
244,278,Josh Doctson,25,WAS,16.0,14.0,1.0,-14.0,0.0,0.0,0.0,-14.0,-14.0,-0.9,0.1,0.0,,2017,WR,2284009,1.29
245,279,Phillip Dorsett,24,NWE,15.0,2.0,1.0,7.0,0.0,0.0,100.0,7.0,7.0,0.5,0.1,0.0,,2017,WR,1174583,0.7
246,281,Evan Engram,23,NYG,15.0,11.0,1.0,14.0,0.0,1.0,100.0,14.0,14.0,0.9,0.1,0.0,,2017,TE,1948782,1.16
247,282,Gerald Everett,23,LAR,16.0,2.0,1.0,13.0,0.0,1.0,100.0,13.0,13.0,0.8,0.1,1.0,,2017,TE,1098994,0.68
248,283,Josh Ferguson,24,IND,10.0,0.0,1.0,5.0,0.0,0.0,100.0,5.0,5.0,0.5,0.1,0.0,,2017,RB,349415,0.2
249,284,Kenny Golladay,24,DET,11.0,5.0,1.0,9.0,0.0,0.0,100.0,9.0,9.0,0.8,0.1,0.0,,2017,WR,644706,0.38
250,285,Taylor Heinicke,24,HOU,1.0,0.0,1.0,2.0,0.0,0.0,0.0,2.0,2.0,2.0,1.0,0.0,,2017,QB,108529,0.06
251,286,Rashard Higgins,23,CLE,15.0,4.0,1.0,4.0,0.0,0.0,100.0,4.0,4.0,0.3,0.1,1.0,,2017,WR,508224,0.23
252,287,Bronson Hill,24,ARI,2.0,0.0,1.0,-2.0,0.0,0.0,0.0,-2.0,-2.0,-1.0,0.5,0.0,,2017,RB,63529,0.04
253,288,Josh Hill,27,NOR,16.0,11.0,1.0,-8.0,0.0,0.0,0.0,-8.0,-8.0,-0.5,0.1,2.0,,2017,TE,2595833,1.59
254,289,Jacob Hollister,24,NWE,15.0,1.0,1.0,5.0,0.0,0.0,100.0,5.0,5.0,0.3,0.1,0.0,,2017,TE,468333,0.28
255,290,Adam Humphries,24,TAM,16.0,3.0,1.0,6.0,0.0,1.0,100.0,6.0,6.0,0.4,0.1,1.0,,2017,WR,615000,0.36
256,291,Chris Jones,28,DAL,16.0,0.0,1.0,24.0,0.0,1.0,100.0,24.0,24.0,1.5,0.1,0.0,,2017,DE,1416188,0.83
257,291,Chris Jones,28,DAL,16.0,0.0,1.0,24.0,0.0,1.0,100.0,24.0,24.0,1.5,0.1,0.0,,2017,P,1550000,0.92
258,292,Julio Jones,28,ATL,16.0,16.0,1.0,15.0,0.0,1.0,100.0,15.0,15.0,0.9,0.1,0.0,"PB,AP-2",2017,WR,13900000,8.36
259,293,Cody Kessler,24,CLE,3.0,0.0,1.0,-1.0,0.0,0.0,0.0,-1.0,-1.0,-0.3,0.3,0.0,,2017,QB,770246,0.36
260,295,Jarvis Landry,25,MIA,16.0,16.0,1.0,-7.0,0.0,0.0,0.0,-7.0,-7.0,-0.4,0.1,4.0,PB,2017,WR,1105654,0.64
261,296,Marqise Lee,26,JAX,14.0,14.0,1.0,17.0,0.0,1.0,100.0,17.0,17.0,1.2,0.1,1.0,,2017,WR,1646280,0.8
262,297,Wil Lutz,23,NOR,16.0,0.0,1.0,4.0,0.0,0.0,0.0,4.0,4.0,0.3,0.1,0.0,,2017,K,540000,0.33
263,298,Rishard Matthews,28,TEN,14.0,11.0,1.0,-3.0,0.0,0.0,0.0,-3.0,-3.0,-0.2,0.1,0.0,,2017,WR,6333333,3.32
264,300,Isaiah McKenzie,22,DEN,11.0,0.0,1.0,4.0,0.0,0.0,100.0,4.0,4.0,0.4,0.1,6.0,,2017,WR,523961,0.31
265,301,Braxton Miller,25,HOU,11.0,3.0,1.0,1.0,0.0,0.0,0.0,1.0,1.0,0.1,0.1,0.0,,2017,WR,734775,0.43
266,302,Jojo Natson,23,NYJ,7.0,0.0,1.0,15.0,0.0,1.0,100.0,15.0,15.0,2.1,0.1,1.0,,2017,WR,218824,0.13
267,303,David Njoku,21,CLE,16.0,5.0,1.0,1.0,0.0,0.0,0.0,1.0,1.0,0.1,0.1,0.0,,2017,TE,1731835,0.8
268,305,Kalif Raymond,23,NYG,6.0,0.0,1.0,-1.0,0.0,0.0,0.0,-1.0,-1.0,-0.2,0.2,2.0,,2017,WR,222352,0.13
269,308,Torrey Smith,28,PHI,16.0,14.0,1.0,-3.0,0.0,0.0,0.0,-3.0,-3.0,-0.2,0.1,0.0,,2017,WR,4875000,2.76
270,309,Nate Sudfeld,24,PHI,1.0,0.0,1.0,22.0,0.0,1.0,100.0,22.0,22.0,22.0,1.0,0.0,,2017,QB,285882,0.16
271,310,Adam Thielen,27,MIN,16.0,16.0,1.0,11.0,0.0,1.0,100.0,11.0,11.0,0.7,0.1,3.0,"PB,AP-2",2017,WR,3746000,2.21
272,313,Mike Wallace,31,BAL,15.0,14.0,1.0,4.0,0.0,0.0,100.0,4.0,4.0,0.3,0.1,0.0,,2017,WR,8000000,4.9
273,314,Eric Weems,32,TEN,16.0,0.0,1.0,0.0,0.0,0.0,0.0,,0.0,0.0,0.1,0.0,,2017,WR,1037500,0.54
274,315,Jermaine Whitehead,24,GNB,10.0,0.0,1.0,7.0,0.0,1.0,100.0,7.0,7.0,0.7,0.1,0.0,,2017,FS,300883,0.17
275,316,Kyle Williams,34,BUF,16.0,16.0,1.0,1.0,1.0,1.0,100.0,1.0,1.0,0.1,0.1,0.0,,2017,DT,8300000,4.97
276,318,Davante Adams,25,GNB,14.0,14.0,0.0,0.0,0.0,0.0,,,,0.0,0.0,0.0,PB,2017,WR,4857127,2.77
277,319,Jerell Adams,24,NYG,16.0,1.0,0.0,0.0,0.0,0.0,,,,0.0,0.0,0.0,,2017,TE,575713,0.34
278,320,Kamar Aiken,28,IND,15.0,7.0,0.0,0.0,0.0,0.0,,,,0.0,0.0,0.0,,2017,WR,2600000,1.49
279,321,Dwayne Allen,27,NWE,16.0,8.0,0.0,0.0,0.0,0.0,,,,0.0,0.0,0.0,,2017,TE,4937500,2.95
280,322,Geronimo Allison,23,GNB,15.0,2.0,0.0,0.0,0.0,0.0,,,,0.0,0.0,2.0,,2017,WR,508235,0.29
281,323,Danny Amendola,32,NWE,15.0,8.0,0.0,0.0,0.0,0.0,,,,0.0,0.0,2.0,,2017,WR,3041668,1.82
282,324,Stephen Anderson,24,HOU,15.0,5.0,0.0,0.0,0.0,0.0,,,,0.0,0.0,0.0,,2017,TE,541666,0.31
283,325,Antony Auclair,24,TAM,8.0,3.0,0.0,0.0,0.0,0.0,,,,0.0,0.0,0.0,,2017,TE,471666,0.27
284,326,Cole Beasley,28,DAL,15.0,4.0,0.0,0.0,0.0,0.0,,,,0.0,0.0,0.0,,2017,WR,4500000,2.66
285,328,Nick Bellore,28,DET,13.0,2.0,0.0,0.0,0.0,0.0,,,,0.0,0.0,0.0,,2017,ILB,578824,0.34
286,332,Brenton Bersin,27,CAR,8.0,1.0,0.0,0.0,0.0,0.0,,,,0.0,0.0,0.0,,2017,WR,365292,0.2
287,333,Kendrick Bourne,22,SFO,11.0,0.0,0.0,0.0,0.0,0.0,,,,0.0,0.0,0.0,,2017,WR,466666,0.23
288,334,Tyler Boyd,23,CIN,10.0,1.0,0.0,0.0,0.0,0.0,,,,0.0,0.0,0.0,,2017,WR,967947,0.56
289,335,Nick Boyle,24,BAL,15.0,11.0,0.0,0.0,0.0,0.0,,,,0.0,0.0,0.0,,2017,TE,656563,0.4
290,336,Cameron Brate,26,TAM,16.0,5.0,0.0,0.0,0.0,0.0,,,,0.0,0.0,1.0,,2017,TE,690000,0.4
291,338,K.J. Brent,24,IND,5.0,0.0,0.0,0.0,0.0,0.0,,,,0.0,0.0,0.0,,2017,WR,136765,0.08
292,339,Kenny Britt,29,2TM,12.0,4.0,0.0,0.0,0.0,0.0,,,,0.0,0.0,0.0,,2017,WR,158823,0.09
295,340,Antonio Brown,29,PIT,14.0,14.0,0.0,0.0,0.0,0.0,,,,0.0,0.0,4.0,"PB,AP-1,AP OPoY-2",2017,WR,13618333,8.06
296,341,Daniel Brown,25,CHI,14.0,2.0,0.0,0.0,0.0,0.0,,,,0.0,0.0,0.0,,2017,TE,615000,0.35
297,342,Jaron Brown,27,ARI,16.0,8.0,0.0,0.0,0.0,0.0,,,,0.0,0.0,0.0,,2017,WR,1311250,0.76
298,343,Noah Brown,21,DAL,13.0,1.0,0.0,0.0,0.0,0.0,,,,0.0,0.0,0.0,,2017,WR,482984,0.29
299,344,Marquis Bundy,23,NYG,1.0,1.0,0.0,0.0,0.0,0.0,,,,0.0,0.0,0.0,,2017,WR,31765,0.02
300,345,Trey Burton,26,PHI,15.0,1.0,0.0,0.0,0.0,0.0,,,,0.0,0.0,0.0,,2017,TE,2746000,1.56
302,347,Emanuel Byrd,23,GNB,1.0,0.0,0.0,0.0,0.0,0.0,,,,0.0,0.0,0.0,,2017,TE,27353,0.02
303,348,Derek Carrier,27,LAR,14.0,3.0,0.0,0.0,0.0,0.0,,,,0.0,0.0,0.0,,2017,TE,1000000,0.62
304,350,Brent Celek,32,PHI,16.0,10.0,0.0,0.0,0.0,0.0,,,,0.0,0.0,0.0,,2017,TE,4000000,2.27
305,351,Garrett Celek,29,SFO,16.0,13.0,0.0,0.0,0.0,0.0,,,,0.0,0.0,0.0,,2017,TE,2575000,1.26
306,352,Orson Charles,26,KAN,5.0,0.0,0.0,0.0,0.0,0.0,,,,0.0,0.0,0.0,,2017,FB,202940,0.12
307,353,Jehu Chesson,24,KAN,12.0,1.0,0.0,0.0,0.0,0.0,,,,0.0,0.0,0.0,,2017,WR,569912,0.33
308,354,Michael Clark,22,GNB,2.0,0.0,0.0,0.0,0.0,0.0,,,,0.0,0.0,0.0,,2017,WR,136765,0.08
309,355,Charles Clay,28,BUF,13.0,13.0,0.0,0.0,0.0,0.0,,,,0.0,0.0,1.0,,2017,TE,9000000,5.39
310,356,Sammie Coates,24,CLE,12.0,1.0,0.0,0.0,0.0,0.0,,,,0.0,0.0,0.0,,2017,WR,615000,0.28
311,357,Keelan Cole,24,JAX,16.0,6.0,0.0,0.0,0.0,0.0,,,,0.0,0.0,2.0,,2017,WR,466333,0.23
312,358,Brandon Coleman,25,NOR,16.0,6.0,0.0,0.0,0.0,0.0,,,,0.0,0.0,2.0,,2017,WR,615000,0.38
313,359,Corey Coleman,23,CLE,9.0,8.0,0.0,0.0,0.0,0.0,,,,0.0,0.0,0.0,,2017,WR,2648863,1.22
314,361,Jared Cook,30,OAK,16.0,16.0,0.0,0.0,0.0,0.0,,,,0.0,0.0,1.0,,2017,TE,5300000,3.04
315,362,Cody Core,23,CIN,13.0,0.0,0.0,0.0,0.0,0.0,,,,0.0,0.0,0.0,,2017,WR,571983,0.33
316,363,Michael Crabtree,30,OAK,14.0,14.0,0.0,0.0,0.0,0.0,,,,0.0,0.0,1.0,,2017,WR,6968750,4.0
317,364,Alan Cross,24,TAM,8.0,4.0,0.0,0.0,0.0,0.0,,,,0.0,0.0,0.0,,2017,TE,158825,0.09
318,365,Jeff Cumberland,30,LAC,7.0,3.0,0.0,0.0,0.0,0.0,,,,0.0,0.0,0.0,,2017,TE,364705,0.22
320,367,Amara Darboh,23,SEA,16.0,0.0,0.0,0.0,0.0,0.0,,,,0.0,0.0,0.0,,2017,WR,641572,0.38
321,368,Corey Davis,22,TEN,11.0,9.0,0.0,0.0,0.0,0.0,,,,0.0,0.0,1.0,,2017,WR,4617216,2.42
322,369,Vernon Davis,33,WAS,16.0,16.0,0.0,0.0,0.0,0.0,,,,0.0,0.0,2.0,,2017,TE,3333333,1.89
323,370,Eric Decker,30,TEN,16.0,8.0,0.0,0.0,0.0,0.0,,,,0.0,0.0,0.0,,2017,WR,3878125,2.03
324,371,A.J. Derby,26,2TM,11.0,1.0,0.0,0.0,0.0,0.0,,,,0.0,0.0,1.0,,2017,TE,180880,0.11
327,372,Seth Devalve,24,CLE,16.0,4.0,0.0,0.0,0.0,0.0,,,,0.0,0.0,1.0,,2017,TE,635848,0.29
328,373,James Develin,29,NWE,16.0,7.0,0.0,0.0,0.0,0.0,,,,0.0,0.0,0.0,PB,2017,FB,1375000,0.82
329,374,Ed Dickson,30,CAR,16.0,12.0,0.0,0.0,0.0,0.0,,,,0.0,0.0,0.0,,2017,TE,2716668,1.51
330,375,Harry Douglas,33,TEN,2.0,0.0,0.0,0.0,0.0,0.0,,,,0.0,0.0,0.0,,2017,WR,2342709,1.23
331,376,Jack Doyle,27,IND,15.0,15.0,0.0,0.0,0.0,0.0,,,,0.0,0.0,2.0,PB,2017,TE,8000000,4.58
332,378,Eric Ebron,24,DET,16.0,9.0,0.0,0.0,0.0,0.0,,,,0.0,0.0,1.0,,2017,TE,3897455,2.31
333,380,Rhett Ellison,29,NYG,16.0,14.0,0.0,0.0,0.0,0.0,,,,0.0,0.0,0.0,,2017,TE,2250000,1.34
334,381,Zach Ertz,27,PHI,14.0,13.0,0.0,0.0,0.0,0.0,,,,0.0,0.0,1.0,PB,2017,TE,3020000,1.71
335,382,Cameron Erving,25,KAN,13.0,4.0,0.0,0.0,0.0,0.0,,,,0.0,0.0,0.0,,2017,G,1292188,0.76
336,383,Mike Evans,24,TAM,15.0,15.0,0.0,0.0,0.0,0.0,,,,0.0,0.0,1.0,,2017,WR,4655478,2.7
337,384,Anthony Fasano,33,MIA,16.0,7.0,0.0,0.0,0.0,0.0,,,,0.0,0.0,1.0,,2017,TE,2750000,1.6
338,385,Darren Fells,31,DET,16.0,13.0,0.0,0.0,0.0,0.0,,,,0.0,0.0,0.0,,2017,TE,975000,0.58
339,387,Larry Fitzgerald,34,ARI,16.0,16.0,0.0,0.0,0.0,0.0,,,,0.0,0.0,1.0,PB,2017,WR,15850000,9.22
340,389,Michael Floyd,28,MIN,11.0,1.0,0.0,0.0,0.0,0.0,,,,0.0,0.0,0.0,,2017,WR,1137058,0.67
341,390,Bennie Fowler,26,DEN,16.0,4.0,0.0,0.0,0.0,0.0,,,,0.0,0.0,1.0,,2017,WR,615000,0.37
342,391,Devin Funchess,23,CAR,16.0,16.0,0.0,0.0,0.0,0.0,,,,0.0,0.0,0.0,,2017,WR,1505697,0.84
343,393,Antonio Gates,37,LAC,16.0,4.0,0.0,0.0,0.0,0.0,,,,0.0,0.0,0.0,,2017,TE,5437500,3.21
344,395,Shelton Gibson,23,PHI,5.0,0.0,0.0,0.0,0.0,0.0,,,,0.0,0.0,0.0,,2017,WR,529309,0.3
345,396,Chris Godwin,21,TAM,16.0,2.0,0.0,0.0,0.0,0.0,,,,0.0,0.0,0.0,,2017,WR,663041,0.38
346,398,Josh Gordon,26,CLE,5.0,5.0,0.0,0.0,0.0,0.0,,,,0.0,0.0,0.0,,2017,WR,377084,0.17
347,399,Jimmy Graham,31,SEA,16.0,13.0,0.0,0.0,0.0,0.0,,,,0.0,0.0,0.0,PB,2017,TE,10000000,5.91
348,400,Ryan Grant,27,WAS,16.0,7.0,0.0,0.0,0.0,0.0,,,,0.0,0.0,0.0,,2017,WR,743403,0.42
349,401,Hroniss Grasu,26,CHI,6.0,4.0,0.0,0.0,0.0,0.0,,,,0.0,0.0,0.0,,2017,C,877980,0.5
350,402,A.J. Green,29,CIN,16.0,16.0,0.0,0.0,0.0,0.0,,,,0.0,0.0,2.0,PB,2017,WR,13500000,7.81
351,403,Virgil Green,29,DEN,16.0,16.0,0.0,0.0,0.0,0.0,,,,0.0,0.0,0.0,,2017,TE,3300000,1.97
352,404,Jermaine Gresham,29,ARI,14.0,14.0,0.0,0.0,0.0,0.0,,,,0.0,0.0,0.0,,2017,TE,3750000,2.18
353,406,Ryan Griffin,27,HOU,7.0,6.0,0.0,0.0,0.0,0.0,,,,0.0,0.0,0.0,,2017,QB,1150000,0.67
354,407,Xavier Grimble,25,PIT,15.0,2.0,0.0,0.0,0.0,0.0,,,,0.0,0.0,0.0,,2017,TE,540000,0.32
355,408,Rob Gronkowski,28,NWE,14.0,14.0,0.0,0.0,0.0,0.0,,,,0.0,0.0,1.0,"PB,AP-1,AP CPoY-3",2017,TE,6500000,3.88
356,409,Marvin Hall,24,ATL,8.0,0.0,0.0,0.0,0.0,0.0,,,,0.0,0.0,0.0,,2017,WR,328236,0.2
357,410,Cobi Hamilton,27,HOU,3.0,1.0,0.0,0.0,0.0,0.0,,,,0.0,0.0,0.0,,2017,WR,190590,0.11
358,411,James Hanna,28,DAL,16.0,8.0,0.0,0.0,0.0,0.0,,,,0.0,0.0,0.0,,2017,TE,3000000,1.78
359,412,Chad Hansen,22,NYJ,15.0,1.0,0.0,0.0,0.0,0.0,,,,0.0,0.0,0.0,,2017,WR,569912,0.34
360,413,Justin Hardy,26,ATL,16.0,1.0,0.0,0.0,0.0,0.0,,,,0.0,0.0,1.0,,2017,WR,750205,0.45
361,414,Demetrius Harris,26,KAN,16.0,7.0,0.0,0.0,0.0,0.0,,,,0.0,0.0,0.0,,2017,TE,1550000,0.91
362,415,Maurice Harris,25,WAS,6.0,0.0,0.0,0.0,0.0,0.0,,,,0.0,0.0,0.0,,2017,WR,254117,0.14
363,416,Matt Hazel,25,IND,4.0,0.0,0.0,0.0,0.0,0.0,,,,0.0,0.0,0.0,,2017,WR,95294,0.04
364,418,Jeff Heuerman,25,DEN,14.0,6.0,0.0,0.0,0.0,0.0,,,,0.0,0.0,0.0,,2017,TE,785201,0.47
365,419,Ryan Hewitt,26,CIN,13.0,3.0,0.0,0.0,0.0,0.0,,,,0.0,0.0,0.0,,2017,FB,2275000,1.32
366,420,Tyler Higbee,24,LAR,16.0,16.0,0.0,0.0,0.0,0.0,,,,0.0,0.0,0.0,,2017,TE,685215,0.42
367,422,T.Y. Hilton,28,IND,16.0,16.0,0.0,0.0,0.0,0.0,,,,0.0,0.0,2.0,PB,2017,WR,10000000,5.73
368,423,Mack Hollins,24,PHI,16.0,0.0,0.0,0.0,0.0,0.0,,,,0.0,0.0,0.0,,2017,WR,623917,0.35
369,425,Gabe Holmes,26,ARI,2.0,0.0,0.0,0.0,0.0,0.0,,,,0.0,0.0,0.0,,2017,TE,95294,0.06
370,426,Johnny Holton,27,OAK,16.0,1.0,0.0,0.0,0.0,0.0,,,,0.0,0.0,3.0,,2017,WR,541666,0.31
371,427,Michael Hoomanawanui,29,NOR,14.0,10.0,0.0,0.0,0.0,0.0,,,,0.0,0.0,0.0,,2017,TE,1933333,1.18
372,428,Austin Hooper,23,ATL,16.0,8.0,0.0,0.0,0.0,0.0,,,,0.0,0.0,0.0,,2017,TE,733357,0.44
373,429,DeAndre Hopkins,25,HOU,15.0,15.0,0.0,0.0,0.0,0.0,,,,0.0,0.0,1.0,"PB,AP-1,AP OPoY-4",2017,WR,18000000,10.44
374,431,Justin Hunter,26,PIT,7.0,1.0,0.0,0.0,0.0,0.0,,,,0.0,0.0,0.0,,2017,WR,695000,0.41
376,433,Dontrelle Inman,28,2TM,12.0,7.0,0.0,0.0,0.0,0.0,,,,0.0,0.0,0.0,,2017,WR,1615290,0.93
379,434,Jesse James,23,PIT,16.0,14.0,0.0,0.0,0.0,0.0,,,,0.0,0.0,0.0,,2017,TE,667228,0.4
380,435,Jeff Janis,26,GNB,16.0,0.0,0.0,0.0,0.0,0.0,,,,0.0,0.0,0.0,,2017,WR,702848,0.4
381,436,Alshon Jeffery,27,PHI,16.0,16.0,0.0,0.0,0.0,0.0,,,,0.0,0.0,0.0,,2017,WR,10750000,6.1
382,437,Marcus Johnson,23,PHI,10.0,0.0,0.0,0.0,0.0,0.0,,,,0.0,0.0,1.0,,2017,WR,465000,0.26
383,438,Marvin Jones,27,DET,16.0,16.0,0.0,0.0,0.0,0.0,,,,0.0,0.0,0.0,,2017,WR,8600000,5.11
384,441,Zay Jones,22,BUF,15.0,10.0,0.0,0.0,0.0,0.0,,,,0.0,0.0,0.0,,2017,WR,1232696,0.74
385,442,Jermaine Kearse,27,NYJ,16.0,14.0,0.0,0.0,0.0,0.0,,,,0.0,0.0,1.0,,2017,WR,2200000,1.32
386,443,Lance Kendricks,29,GNB,16.0,9.0,0.0,0.0,0.0,0.0,,,,0.0,0.0,0.0,,2017,TE,1775000,1.01
387,445,Joe Kerridge,25,GNB,4.0,0.0,0.0,0.0,0.0,0.0,,,,0.0,0.0,0.0,,2017,FB,31765,0.02
388,446,George Kittle,24,SFO,15.0,7.0,0.0,0.0,0.0,0.0,,,,0.0,0.0,0.0,,2017,TE,539571,0.26
389,447,Ben Koyack,24,JAX,16.0,3.0,0.0,0.0,0.0,0.0,,,,0.0,0.0,0.0,,2017,TE,540000,0.26
390,448,Tyler Kroft,25,CIN,16.0,16.0,0.0,0.0,0.0,0.0,,,,0.0,0.0,0.0,,2017,TE,799944,0.46
391,449,Cooper Kupp,24,LAR,15.0,6.0,0.0,0.0,0.0,0.0,,,,0.0,0.0,1.0,,2017,WR,703690,0.43
392,450,Matt LaCosse,25,NYG,3.0,1.0,0.0,0.0,0.0,0.0,,,,0.0,0.0,0.0,,2017,TE,82059,0.05
393,451,Brandon LaFell,31,CIN,16.0,15.0,0.0,0.0,0.0,0.0,,,,0.0,0.0,1.0,,2017,WR,5000000,2.89
394,452,Cody Latimer,25,DEN,11.0,1.0,0.0,0.0,0.0,0.0,,,,0.0,0.0,1.0,,2017,WR,1180025,0.7
395,454,Marcedes Lewis,33,JAX,16.0,16.0,0.0,0.0,0.0,0.0,,,,0.0,0.0,0.0,,2017,TE,4250000,2.06
396,455,Roger Lewis,24,NYG,15.0,8.0,0.0,0.0,0.0,0.0,,,,0.0,0.0,0.0,,2017,WR,546166,0.33
397,456,Ricardo Louis,23,CLE,16.0,9.0,0.0,0.0,0.0,0.0,,,,0.0,0.0,0.0,,2017,WR,681962,0.31
398,457,Jeremy Maclin,29,BAL,12.0,12.0,0.0,0.0,0.0,0.0,,,,0.0,0.0,0.0,,2017,WR,3500000,2.14
399,459,Ryan Malleck,24,HOU,2.0,0.0,0.0,0.0,0.0,0.0,,,,0.0,0.0,0.0,,2017,TE,54706,0.03
400,461,Brandon Marshall,33,NYG,5.0,5.0,0.0,0.0,0.0,0.0,,,,0.0,0.0,0.0,,2017,ILB,4500000,2.68
401,462,Freddie Martino,26,TAM,8.0,0.0,0.0,0.0,0.0,0.0,,,,0.0,0.0,0.0,,2017,WR,253235,0.15
402,466,Max McCaffrey,23,JAX,5.0,0.0,0.0,0.0,0.0,0.0,,,,0.0,0.0,0.0,,2017,WR,82059,0.04
403,467,Vance McDonald,27,PIT,10.0,7.0,0.0,0.0,0.0,0.0,,,,0.0,0.0,0.0,,2017,TE,2175000,1.29
404,468,Tanner McEvoy,24,SEA,15.0,0.0,0.0,0.0,0.0,0.0,,,,0.0,0.0,1.0,,2017,S,540000,0.32
405,469,Sean McGrath,30,LAC,15.0,6.0,0.0,0.0,0.0,0.0,,,,0.0,0.0,0.0,,2017,TE,615000,0.36
406,470,Jaydon Mickens,23,JAX,10.0,0.0,0.0,0.0,0.0,0.0,,,,0.0,0.0,4.0,,2017,WR,300883,0.15
407,471,Brian Mihalik,25,DET,15.0,2.0,0.0,0.0,0.0,0.0,,,,0.0,0.0,0.0,,2017,T,540000,0.32
408,474,Donte Moncrief,24,IND,12.0,8.0,0.0,0.0,0.0,0.0,,,,0.0,0.0,0.0,,2017,WR,1932880,1.11
409,475,David Morgan,24,MIN,15.0,6.0,0.0,0.0,0.0,0.0,,,,0.0,0.0,0.0,,2017,TE,573864,0.34
410,476,Louis Murphy,30,SFO,7.0,7.0,0.0,0.0,0.0,0.0,,,,0.0,0.0,0.0,,2017,WR,289412,0.14
411,477,Jordy Nelson,32,GNB,15.0,15.0,0.0,0.0,0.0,0.0,,,,0.0,0.0,0.0,,2017,WR,11550000,6.6
412,478,Troy Niklas,25,ARI,15.0,11.0,0.0,0.0,0.0,0.0,,,,0.0,0.0,0.0,,2017,TE,1280141,0.75
413,479,Nick O'Leary,25,BUF,15.0,5.0,0.0,0.0,0.0,0.0,,,,0.0,0.0,1.0,,2017,TE,615000,0.37
414,480,James O'Shaughnessy,25,JAX,16.0,1.0,0.0,0.0,0.0,0.0,,,,0.0,0.0,0.0,,2017,TE,615000,0.3
415,481,Greg Olsen,32,CAR,7.0,7.0,0.0,0.0,0.0,0.0,,,,0.0,0.0,0.0,,2017,TE,12100000,6.72
416,482,DeVante Parker,24,MIA,13.0,12.0,0.0,0.0,0.0,0.0,,,,0.0,0.0,1.0,,2017,WR,2966330,1.72
417,483,Logan Paulsen,30,SFO,14.0,1.0,0.0,0.0,0.0,0.0,,,,0.0,0.0,0.0,,2017,TE,364705,0.18
418,485,Breshad Perriman,24,BAL,11.0,3.0,0.0,0.0,0.0,0.0,,,,0.0,0.0,0.0,,2017,WR,2374177,1.45
419,488,Jay Prosch,25,HOU,16.0,5.0,0.0,0.0,0.0,0.0,,,,0.0,0.0,0.0,,2017,FB,1709670,0.99
420,490,Brian Quick,28,WAS,11.0,1.0,0.0,0.0,0.0,0.0,,,,0.0,0.0,0.0,,2017,WR,695000,0.39
421,491,Brent Qvale,26,NYJ,16.0,6.0,0.0,0.0,0.0,0.0,,,,0.0,0.0,0.0,,2017,RT,615000,0.37
422,493,Josh Reynolds,22,LAR,16.0,1.0,0.0,0.0,0.0,0.0,,,,0.0,0.0,0.0,,2017,WR,627005,0.39
423,494,Patrick Ricard,23,BAL,16.0,0.0,0.0,0.0,0.0,0.0,,,,0.0,0.0,0.0,,2017,DT,467166,0.29
424,495,Paul Richardson,25,SEA,16.0,13.0,0.0,0.0,0.0,0.0,,,,0.0,0.0,0.0,,2017,WR,1499538,0.89
425,496,Andre Roberts,29,ATL,16.0,0.0,0.0,0.0,0.0,0.0,,,,0.0,0.0,4.0,,2017,WR,1800000,1.08
426,497,Michael Roberts,23,DET,15.0,3.0,0.0,0.0,0.0,0.0,,,,0.0,0.0,0.0,,2017,TE,615784,0.37
427,498,Seth Roberts,26,OAK,15.0,7.0,0.0,0.0,0.0,0.0,,,,0.0,0.0,2.0,,2017,WR,2000000,1.15
428,499,Aldrick Robinson,29,SFO,16.0,1.0,0.0,0.0,0.0,0.0,,,,0.0,0.0,0.0,,2017,WR,1800000,0.88
429,501,Demarcus Robinson,23,KAN,16.0,8.0,0.0,0.0,0.0,0.0,,,,0.0,0.0,0.0,,2017,WR,678293,0.4
430,502,Richard Rodgers,25,GNB,15.0,1.0,0.0,0.0,0.0,0.0,,,,0.0,0.0,0.0,,2017,TE,1923504,1.1
431,503,Eli Rogers,25,PIT,14.0,4.0,0.0,0.0,0.0,0.0,,,,0.0,0.0,1.0,,2017,WR,541668,0.32
432,504,Kyle Rudolph,28,MIN,16.0,16.0,0.0,0.0,0.0,0.0,,,,0.0,0.0,0.0,PB,2017,TE,6800000,4.01
433,505,Travis Rudolph,22,NYG,7.0,1.0,0.0,0.0,0.0,0.0,,,,0.0,0.0,0.0,,2017,WR,328235,0.2
434,506,Ty Sambrailo,25,ATL,15.0,2.0,0.0,0.0,0.0,0.0,,,,0.0,0.0,0.0,,2017,LT,784633,0.47
435,507,Emmanuel Sanders,30,DEN,12.0,11.0,0.0,0.0,0.0,0.0,,,,0.0,0.0,0.0,,2017,WR,9537500,5.68
436,508,Ricky Seals-Jones,22,ARI,10.0,1.0,0.0,0.0,0.0,0.0,,,,0.0,0.0,0.0,,2017,TE,410294,0.24
437,509,Austin Seferian-Jenkins,25,NYJ,13.0,10.0,0.0,0.0,0.0,0.0,,,,0.0,0.0,1.0,,2017,TE,1011690,0.61
438,510,Adam Shaheen,23,CHI,13.0,7.0,0.0,0.0,0.0,0.0,,,,0.0,0.0,0.0,,2017,TE,1074643,0.62
439,511,Hunter Sharp,23,2TM,3.0,1.0,0.0,0.0,0.0,0.0,,,,0.0,0.0,0.0,,2017,WR,82059,0.05
442,512,Dion Sims,26,CHI,14.0,14.0,0.0,0.0,0.0,0.0,,,,0.0,0.0,0.0,,2017,TE,5333333,3.06
443,513,De'Veon Smith,23,MIA,5.0,0.0,0.0,0.0,0.0,0.0,,,,0.0,0.0,0.0,,2017,RB,136765,0.08
444,514,Jonnu Smith,22,TEN,16.0,13.0,0.0,0.0,0.0,0.0,,,,0.0,0.0,0.0,,2017,TE,641572,0.34
445,515,Keith Smith,25,DAL,16.0,3.0,0.0,0.0,0.0,0.0,,,,0.0,0.0,0.0,,2017,FB,690000,0.41
446,516,Lee Smith,30,OAK,16.0,9.0,0.0,0.0,0.0,0.0,,,,0.0,0.0,0.0,,2017,TE,1500000,0.86
447,517,JuJu Smith-Schuster,21,PIT,14.0,7.0,0.0,0.0,0.0,0.0,,,,0.0,0.0,0.0,,2017,WR,735516,0.44
448,518,Willie Snead,25,NOR,11.0,7.0,0.0,0.0,0.0,0.0,,,,0.0,0.0,1.0,,2017,WR,506470,0.31
449,519,Jeremy Sprinkle,23,WAS,11.0,5.0,0.0,0.0,0.0,0.0,,,,0.0,0.0,0.0,,2017,TE,534125,0.3
450,520,Neal Sterling,25,NYJ,11.0,1.0,0.0,0.0,0.0,0.0,,,,0.0,0.0,0.0,,2017,TE,361764,0.22
451,521,Kenny Stills,25,MIA,16.0,16.0,0.0,0.0,0.0,0.0,,,,0.0,0.0,4.0,,2017,WR,3750000,2.18
452,522,Luke Stocker,29,2TM,12.0,6.0,0.0,0.0,0.0,0.0,,,,0.0,0.0,0.0,,2017,TE,244853,0.13
455,524,Phillip Supernaw,27,TEN,16.0,3.0,0.0,0.0,0.0,0.0,,,,0.0,0.0,0.0,,2017,TE,1200000,0.63
456,525,Geoff Swaim,24,DAL,15.0,2.0,0.0,0.0,0.0,0.0,,,,0.0,0.0,0.0,,2017,TE,628683,0.37
457,526,Brandon Tate,30,BUF,13.0,1.0,0.0,0.0,0.0,0.0,,,,0.0,0.0,1.0,,2017,WR,695000,0.42
458,527,Jordan Taylor,25,DEN,10.0,2.0,0.0,0.0,0.0,0.0,,,,0.0,0.0,1.0,,2017,WR,540000,0.32
459,528,Trent Taylor,23,SFO,15.0,1.0,0.0,0.0,0.0,0.0,,,,0.0,0.0,1.0,,2017,WR,515484,0.25
460,529,Randall Telfer,25,CLE,16.0,14.0,0.0,0.0,0.0,0.0,,,,0.0,0.0,0.0,,2017,TE,569384,0.26
461,530,Demaryius Thomas,30,DEN,16.0,16.0,0.0,0.0,0.0,0.0,,,,0.0,0.0,1.0,,2017,WR,12033333,7.17
463,533,Michael Thomas,24,NOR,16.0,14.0,0.0,0.0,0.0,0.0,,,,0.0,0.0,0.0,PB,2017,WR,1163403,0.71
464,534,Mike Thomas,23,LAR,8.0,1.0,0.0,0.0,0.0,0.0,,,,0.0,0.0,1.0,,2017,WR,441958,0.27
466,536,Shaq Thompson,23,CAR,14.0,14.0,0.0,0.0,0.0,0.0,,,,0.0,0.0,0.0,,2017,OLB,2402379,1.34
467,537,Levine Toilolo,26,ATL,15.0,12.0,0.0,0.0,0.0,0.0,,,,0.0,0.0,0.0,,2017,TE,2500000,1.5
468,538,Eric Tomlinson,25,NYJ,14.0,12.0,0.0,0.0,0.0,0.0,,,,0.0,0.0,0.0,,2017,TE,540000,0.32
469,539,Ross Travis,24,2TM,15.0,3.0,0.0,0.0,0.0,0.0,,,,0.0,0.0,1.0,,2017,TE,158825,0.09
472,540,Austin Traylor,24,DEN,7.0,3.0,0.0,0.0,0.0,0.0,,,,0.0,0.0,0.0,,2017,TE,191471,0.11
473,541,Laquon Treadwell,22,MIN,16.0,7.0,0.0,0.0,0.0,0.0,,,,0.0,0.0,1.0,,2017,WR,2257949,1.33
474,543,C.J. Uzomah,24,CIN,14.0,4.0,0.0,0.0,0.0,0.0,,,,0.0,0.0,0.0,,2017,TE,668190,0.39
475,544,Nick Vannett,24,SEA,15.0,4.0,0.0,0.0,0.0,0.0,,,,0.0,0.0,0.0,,2017,TE,726220,0.43
476,547,Sammy Watkins,24,LAR,15.0,14.0,0.0,0.0,0.0,0.0,,,,0.0,0.0,0.0,,2017,WR,690000,0.43
477,549,Dede Westbrook,24,JAX,7.0,5.0,0.0,0.0,0.0,0.0,,,,0.0,0.0,1.0,,2017,WR,551981,0.27
478,550,Leonard Wester,24,TAM,8.0,0.0,0.0,0.0,0.0,0.0,,,,0.0,0.0,0.0,,2017,T,546666,0.32
479,552,Markus Wheaton,26,CHI,11.0,0.0,0.0,0.0,0.0,0.0,,,,0.0,0.0,0.0,,2017,WR,5250000,3.01
480,553,DeAndrew White,26,HOU,2.0,1.0,0.0,0.0,0.0,0.0,,,,0.0,0.0,1.0,,2017,WR,109412,0.06
481,555,Isaac Whitney,23,OAK,2.0,0.0,0.0,0.0,0.0,0.0,,,,0.0,0.0,0.0,,2017,WR,136765,0.08
482,556,Brandon Williams,30,IND,14.0,10.0,0.0,0.0,0.0,0.0,,,,0.0,0.0,0.0,,2017,CB,731673,0.43
483,556,Brandon Williams,30,IND,14.0,10.0,0.0,0.0,0.0,0.0,,,,0.0,0.0,0.0,,2017,DT,3820000,2.34
484,558,Marcus Williams,26,NYJ,5.0,0.0,0.0,0.0,0.0,0.0,,,,0.0,0.0,0.0,,2017,CB,1938348,1.12
485,558,Marcus Williams,26,NYJ,5.0,0.0,0.0,0.0,0.0,0.0,,,,0.0,0.0,0.0,,2017,FS,1134625,0.7
486,559,Marquez Williams,23,CLE,1.0,0.0,0.0,0.0,0.0,0.0,,,,0.0,0.0,0.0,,2017,FB,27353,0.01
487,560,Mike Williams,23,LAC,10.0,1.0,0.0,0.0,0.0,0.0,,,,0.0,0.0,0.0,,2017,WR,3590896,2.12
489,562,Tyrell Williams,25,LAC,16.0,15.0,0.0,0.0,0.0,0.0,,,,0.0,0.0,1.0,,2017,WR,615000,0.36
490,563,Luke Willson,27,SEA,16.0,7.0,0.0,0.0,0.0,0.0,,,,0.0,0.0,0.0,,2017,TE,1800000,1.06
491,564,Jason Witten,35,DAL,16.0,16.0,0.0,0.0,0.0,0.0,,,,0.0,0.0,1.0,PB,2017,TE,12262000,7.26
492,565,Jarius Wright,28,MIN,16.0,0.0,0.0,0.0,0.0,0.0,,,,0.0,0.0,0.0,,2017,WR,3053750,1.8
493,566,Kendall Wright,28,CHI,16.0,4.0,0.0,0.0,0.0,0.0,,,,0.0,0.0,0.0,,2017,WR,1843750,1.06
494,567,Kevin Zeitler,27,CLE,16.0,16.0,0.0,0.0,0.0,0.0,,,,0.0,0.0,0.0,,2017,G,8400000,3.88
